number,id,topic,format,category,image,source,script_seconds
1,backend-api-scaling--roadmap,Backend API Scaling,Bottleneck Roadmap,Backend and APIs,images/backend-api-scaling--roadmap.png,svg/backend-api-scaling--roadmap.svg,51
2,backend-api-scaling--decisions,Backend API Scaling,Decision Guide,Backend and APIs,images/backend-api-scaling--decisions.png,svg/backend-api-scaling--decisions.svg,50
3,backend-api-scaling--incident,Backend API Scaling,Failure and Recovery,Backend and APIs,images/backend-api-scaling--incident.png,svg/backend-api-scaling--incident.svg,51
4,backend-api-scaling--metrics,Backend API Scaling,Metrics That Matter,Backend and APIs,images/backend-api-scaling--metrics.png,svg/backend-api-scaling--metrics.svg,53
5,backend-api-scaling--lab,Backend API Scaling,Build and Validate,Backend and APIs,images/backend-api-scaling--lab.png,svg/backend-api-scaling--lab.svg,53
6,cursor-pagination--roadmap,Pagination Without Surprises,Bottleneck Roadmap,Backend and APIs,images/cursor-pagination--roadmap.png,svg/cursor-pagination--roadmap.svg,53
7,cursor-pagination--decisions,Pagination Without Surprises,Decision Guide,Backend and APIs,images/cursor-pagination--decisions.png,svg/cursor-pagination--decisions.svg,52
8,cursor-pagination--incident,Pagination Without Surprises,Failure and Recovery,Backend and APIs,images/cursor-pagination--incident.png,svg/cursor-pagination--incident.svg,45
9,cursor-pagination--metrics,Pagination Without Surprises,Metrics That Matter,Backend and APIs,images/cursor-pagination--metrics.png,svg/cursor-pagination--metrics.svg,45
10,cursor-pagination--lab,Pagination Without Surprises,Build and Validate,Backend and APIs,images/cursor-pagination--lab.png,svg/cursor-pagination--lab.svg,47
11,idempotent-writes--roadmap,Idempotency for Real Writes,Bottleneck Roadmap,Backend and APIs,images/idempotent-writes--roadmap.png,svg/idempotent-writes--roadmap.svg,51
12,idempotent-writes--decisions,Idempotency for Real Writes,Decision Guide,Backend and APIs,images/idempotent-writes--decisions.png,svg/idempotent-writes--decisions.svg,50
13,idempotent-writes--incident,Idempotency for Real Writes,Failure and Recovery,Backend and APIs,images/idempotent-writes--incident.png,svg/idempotent-writes--incident.svg,46
14,idempotent-writes--metrics,Idempotency for Real Writes,Metrics That Matter,Backend and APIs,images/idempotent-writes--metrics.png,svg/idempotent-writes--metrics.svg,47
15,idempotent-writes--lab,Idempotency for Real Writes,Build and Validate,Backend and APIs,images/idempotent-writes--lab.png,svg/idempotent-writes--lab.svg,49
16,api-rate-limits--roadmap,Rate Limits That Protect Work,Bottleneck Roadmap,Backend and APIs,images/api-rate-limits--roadmap.png,svg/api-rate-limits--roadmap.svg,49
17,api-rate-limits--decisions,Rate Limits That Protect Work,Decision Guide,Backend and APIs,images/api-rate-limits--decisions.png,svg/api-rate-limits--decisions.svg,48
18,api-rate-limits--incident,Rate Limits That Protect Work,Failure and Recovery,Backend and APIs,images/api-rate-limits--incident.png,svg/api-rate-limits--incident.svg,46
19,api-rate-limits--metrics,Rate Limits That Protect Work,Metrics That Matter,Backend and APIs,images/api-rate-limits--metrics.png,svg/api-rate-limits--metrics.svg,46
20,api-rate-limits--lab,Rate Limits That Protect Work,Build and Validate,Backend and APIs,images/api-rate-limits--lab.png,svg/api-rate-limits--lab.svg,45
21,retry-budgets--roadmap,Retries Without a Retry Storm,Bottleneck Roadmap,Backend and APIs,images/retry-budgets--roadmap.png,svg/retry-budgets--roadmap.svg,49
22,retry-budgets--decisions,Retries Without a Retry Storm,Decision Guide,Backend and APIs,images/retry-budgets--decisions.png,svg/retry-budgets--decisions.svg,50
23,retry-budgets--incident,Retries Without a Retry Storm,Failure and Recovery,Backend and APIs,images/retry-budgets--incident.png,svg/retry-budgets--incident.svg,45
24,retry-budgets--metrics,Retries Without a Retry Storm,Metrics That Matter,Backend and APIs,images/retry-budgets--metrics.png,svg/retry-budgets--metrics.svg,46
25,retry-budgets--lab,Retries Without a Retry Storm,Build and Validate,Backend and APIs,images/retry-budgets--lab.png,svg/retry-budgets--lab.svg,45
26,deadline-propagation--roadmap,Deadlines Across a Call Chain,Bottleneck Roadmap,Backend and APIs,images/deadline-propagation--roadmap.png,svg/deadline-propagation--roadmap.svg,45
27,deadline-propagation--decisions,Deadlines Across a Call Chain,Decision Guide,Backend and APIs,images/deadline-propagation--decisions.png,svg/deadline-propagation--decisions.svg,46
28,deadline-propagation--incident,Deadlines Across a Call Chain,Failure and Recovery,Backend and APIs,images/deadline-propagation--incident.png,svg/deadline-propagation--incident.svg,40
29,deadline-propagation--metrics,Deadlines Across a Call Chain,Metrics That Matter,Backend and APIs,images/deadline-propagation--metrics.png,svg/deadline-propagation--metrics.svg,43
30,deadline-propagation--lab,Deadlines Across a Call Chain,Build and Validate,Backend and APIs,images/deadline-propagation--lab.png,svg/deadline-propagation--lab.svg,45
31,webhook-delivery--roadmap,Webhooks That Survive Retries,Bottleneck Roadmap,Backend and APIs,images/webhook-delivery--roadmap.png,svg/webhook-delivery--roadmap.svg,48
32,webhook-delivery--decisions,Webhooks That Survive Retries,Decision Guide,Backend and APIs,images/webhook-delivery--decisions.png,svg/webhook-delivery--decisions.svg,47
33,webhook-delivery--incident,Webhooks That Survive Retries,Failure and Recovery,Backend and APIs,images/webhook-delivery--incident.png,svg/webhook-delivery--incident.svg,42
34,webhook-delivery--metrics,Webhooks That Survive Retries,Metrics That Matter,Backend and APIs,images/webhook-delivery--metrics.png,svg/webhook-delivery--metrics.svg,45
35,webhook-delivery--lab,Webhooks That Survive Retries,Build and Validate,Backend and APIs,images/webhook-delivery--lab.png,svg/webhook-delivery--lab.svg,44
36,direct-file-uploads--roadmap,File Uploads Without API Overload,Bottleneck Roadmap,Backend and APIs,images/direct-file-uploads--roadmap.png,svg/direct-file-uploads--roadmap.svg,48
37,direct-file-uploads--decisions,File Uploads Without API Overload,Decision Guide,Backend and APIs,images/direct-file-uploads--decisions.png,svg/direct-file-uploads--decisions.svg,49
38,direct-file-uploads--incident,File Uploads Without API Overload,Failure and Recovery,Backend and APIs,images/direct-file-uploads--incident.png,svg/direct-file-uploads--incident.svg,42
39,direct-file-uploads--metrics,File Uploads Without API Overload,Metrics That Matter,Backend and APIs,images/direct-file-uploads--metrics.png,svg/direct-file-uploads--metrics.svg,43
40,direct-file-uploads--lab,File Uploads Without API Overload,Build and Validate,Backend and APIs,images/direct-file-uploads--lab.png,svg/direct-file-uploads--lab.svg,42
41,async-job-apis--roadmap,Designing Honest Job APIs,Bottleneck Roadmap,Backend and APIs,images/async-job-apis--roadmap.png,svg/async-job-apis--roadmap.svg,45
42,async-job-apis--decisions,Designing Honest Job APIs,Decision Guide,Backend and APIs,images/async-job-apis--decisions.png,svg/async-job-apis--decisions.svg,46
43,async-job-apis--incident,Designing Honest Job APIs,Failure and Recovery,Backend and APIs,images/async-job-apis--incident.png,svg/async-job-apis--incident.svg,43
44,async-job-apis--metrics,Designing Honest Job APIs,Metrics That Matter,Backend and APIs,images/async-job-apis--metrics.png,svg/async-job-apis--metrics.svg,46
45,async-job-apis--lab,Designing Honest Job APIs,Build and Validate,Backend and APIs,images/async-job-apis--lab.png,svg/async-job-apis--lab.svg,45
46,tenant-workload-fairness--roadmap,Multi-Tenant Fairness,Bottleneck Roadmap,Backend and APIs,images/tenant-workload-fairness--roadmap.png,svg/tenant-workload-fairness--roadmap.svg,47
47,tenant-workload-fairness--decisions,Multi-Tenant Fairness,Decision Guide,Backend and APIs,images/tenant-workload-fairness--decisions.png,svg/tenant-workload-fairness--decisions.svg,45
48,tenant-workload-fairness--incident,Multi-Tenant Fairness,Failure and Recovery,Backend and APIs,images/tenant-workload-fairness--incident.png,svg/tenant-workload-fairness--incident.svg,44
49,tenant-workload-fairness--metrics,Multi-Tenant Fairness,Metrics That Matter,Backend and APIs,images/tenant-workload-fairness--metrics.png,svg/tenant-workload-fairness--metrics.svg,43
50,tenant-workload-fairness--lab,Multi-Tenant Fairness,Build and Validate,Backend and APIs,images/tenant-workload-fairness--lab.png,svg/tenant-workload-fairness--lab.svg,44
51,workload-driven-indexes--roadmap,Indexes Follow Queries,Bottleneck Roadmap,Data and Storage,images/workload-driven-indexes--roadmap.png,svg/workload-driven-indexes--roadmap.svg,43
52,workload-driven-indexes--decisions,Indexes Follow Queries,Decision Guide,Data and Storage,images/workload-driven-indexes--decisions.png,svg/workload-driven-indexes--decisions.svg,49
53,workload-driven-indexes--incident,Indexes Follow Queries,Failure and Recovery,Data and Storage,images/workload-driven-indexes--incident.png,svg/workload-driven-indexes--incident.svg,42
54,workload-driven-indexes--metrics,Indexes Follow Queries,Metrics That Matter,Data and Storage,images/workload-driven-indexes--metrics.png,svg/workload-driven-indexes--metrics.svg,44
55,workload-driven-indexes--lab,Indexes Follow Queries,Build and Validate,Data and Storage,images/workload-driven-indexes--lab.png,svg/workload-driven-indexes--lab.svg,39
56,database-pool-budgets--roadmap,Database Pools Need a Budget,Bottleneck Roadmap,Data and Storage,images/database-pool-budgets--roadmap.png,svg/database-pool-budgets--roadmap.svg,44
57,database-pool-budgets--decisions,Database Pools Need a Budget,Decision Guide,Data and Storage,images/database-pool-budgets--decisions.png,svg/database-pool-budgets--decisions.svg,42
58,database-pool-budgets--incident,Database Pools Need a Budget,Failure and Recovery,Data and Storage,images/database-pool-budgets--incident.png,svg/database-pool-budgets--incident.svg,39
59,database-pool-budgets--metrics,Database Pools Need a Budget,Metrics That Matter,Data and Storage,images/database-pool-budgets--metrics.png,svg/database-pool-budgets--metrics.svg,41
60,database-pool-budgets--lab,Database Pools Need a Budget,Build and Validate,Data and Storage,images/database-pool-budgets--lab.png,svg/database-pool-budgets--lab.svg,39
61,read-replica-consistency--roadmap,Read Replicas and Stale Truth,Bottleneck Roadmap,Data and Storage,images/read-replica-consistency--roadmap.png,svg/read-replica-consistency--roadmap.svg,43
62,read-replica-consistency--decisions,Read Replicas and Stale Truth,Decision Guide,Data and Storage,images/read-replica-consistency--decisions.png,svg/read-replica-consistency--decisions.svg,45
63,read-replica-consistency--incident,Read Replicas and Stale Truth,Failure and Recovery,Data and Storage,images/read-replica-consistency--incident.png,svg/read-replica-consistency--incident.svg,40
64,read-replica-consistency--metrics,Read Replicas and Stale Truth,Metrics That Matter,Data and Storage,images/read-replica-consistency--metrics.png,svg/read-replica-consistency--metrics.svg,45
65,read-replica-consistency--lab,Read Replicas and Stale Truth,Build and Validate,Data and Storage,images/read-replica-consistency--lab.png,svg/read-replica-consistency--lab.svg,42
66,transaction-invariants--roadmap,Transactions Protect Invariants,Bottleneck Roadmap,Data and Storage,images/transaction-invariants--roadmap.png,svg/transaction-invariants--roadmap.svg,46
67,transaction-invariants--decisions,Transactions Protect Invariants,Decision Guide,Data and Storage,images/transaction-invariants--decisions.png,svg/transaction-invariants--decisions.svg,47
68,transaction-invariants--incident,Transactions Protect Invariants,Failure and Recovery,Data and Storage,images/transaction-invariants--incident.png,svg/transaction-invariants--incident.svg,38
69,transaction-invariants--metrics,Transactions Protect Invariants,Metrics That Matter,Data and Storage,images/transaction-invariants--metrics.png,svg/transaction-invariants--metrics.svg,43
70,transaction-invariants--lab,Transactions Protect Invariants,Build and Validate,Data and Storage,images/transaction-invariants--lab.png,svg/transaction-invariants--lab.svg,40
71,transactional-outbox--roadmap,The Transactional Outbox,Bottleneck Roadmap,Data and Storage,images/transactional-outbox--roadmap.png,svg/transactional-outbox--roadmap.svg,43
72,transactional-outbox--decisions,The Transactional Outbox,Decision Guide,Data and Storage,images/transactional-outbox--decisions.png,svg/transactional-outbox--decisions.svg,43
73,transactional-outbox--incident,The Transactional Outbox,Failure and Recovery,Data and Storage,images/transactional-outbox--incident.png,svg/transactional-outbox--incident.svg,41
74,transactional-outbox--metrics,The Transactional Outbox,Metrics That Matter,Data and Storage,images/transactional-outbox--metrics.png,svg/transactional-outbox--metrics.svg,45
75,transactional-outbox--lab,The Transactional Outbox,Build and Validate,Data and Storage,images/transactional-outbox--lab.png,svg/transactional-outbox--lab.svg,42
76,shard-key-design--roadmap,Choose the Shard Key Last,Bottleneck Roadmap,Data and Storage,images/shard-key-design--roadmap.png,svg/shard-key-design--roadmap.svg,43
77,shard-key-design--decisions,Choose the Shard Key Last,Decision Guide,Data and Storage,images/shard-key-design--decisions.png,svg/shard-key-design--decisions.svg,41
78,shard-key-design--incident,Choose the Shard Key Last,Failure and Recovery,Data and Storage,images/shard-key-design--incident.png,svg/shard-key-design--incident.svg,40
79,shard-key-design--metrics,Choose the Shard Key Last,Metrics That Matter,Data and Storage,images/shard-key-design--metrics.png,svg/shard-key-design--metrics.svg,42
80,shard-key-design--lab,Choose the Shard Key Last,Build and Validate,Data and Storage,images/shard-key-design--lab.png,svg/shard-key-design--lab.svg,36
81,backup-restore-drills--roadmap,A Backup Is Not a Restore,Bottleneck Roadmap,Data and Storage,images/backup-restore-drills--roadmap.png,svg/backup-restore-drills--roadmap.svg,43
82,backup-restore-drills--decisions,A Backup Is Not a Restore,Decision Guide,Data and Storage,images/backup-restore-drills--decisions.png,svg/backup-restore-drills--decisions.svg,48
83,backup-restore-drills--incident,A Backup Is Not a Restore,Failure and Recovery,Data and Storage,images/backup-restore-drills--incident.png,svg/backup-restore-drills--incident.svg,46
84,backup-restore-drills--metrics,A Backup Is Not a Restore,Metrics That Matter,Data and Storage,images/backup-restore-drills--metrics.png,svg/backup-restore-drills--metrics.svg,46
85,backup-restore-drills--lab,A Backup Is Not a Restore,Build and Validate,Data and Storage,images/backup-restore-drills--lab.png,svg/backup-restore-drills--lab.svg,42
86,safe-schema-migrations--roadmap,Schema Changes Without Surprises,Bottleneck Roadmap,Data and Storage,images/safe-schema-migrations--roadmap.png,svg/safe-schema-migrations--roadmap.svg,44
87,safe-schema-migrations--decisions,Schema Changes Without Surprises,Decision Guide,Data and Storage,images/safe-schema-migrations--decisions.png,svg/safe-schema-migrations--decisions.svg,46
88,safe-schema-migrations--incident,Schema Changes Without Surprises,Failure and Recovery,Data and Storage,images/safe-schema-migrations--incident.png,svg/safe-schema-migrations--incident.svg,40
89,safe-schema-migrations--metrics,Schema Changes Without Surprises,Metrics That Matter,Data and Storage,images/safe-schema-migrations--metrics.png,svg/safe-schema-migrations--metrics.svg,42
90,safe-schema-migrations--lab,Schema Changes Without Surprises,Build and Validate,Data and Storage,images/safe-schema-migrations--lab.png,svg/safe-schema-migrations--lab.svg,40
91,object-storage-lifecycle--roadmap,Object Storage Has a Lifecycle,Bottleneck Roadmap,Data and Storage,images/object-storage-lifecycle--roadmap.png,svg/object-storage-lifecycle--roadmap.svg,43
92,object-storage-lifecycle--decisions,Object Storage Has a Lifecycle,Decision Guide,Data and Storage,images/object-storage-lifecycle--decisions.png,svg/object-storage-lifecycle--decisions.svg,45
93,object-storage-lifecycle--incident,Object Storage Has a Lifecycle,Failure and Recovery,Data and Storage,images/object-storage-lifecycle--incident.png,svg/object-storage-lifecycle--incident.svg,36
94,object-storage-lifecycle--metrics,Object Storage Has a Lifecycle,Metrics That Matter,Data and Storage,images/object-storage-lifecycle--metrics.png,svg/object-storage-lifecycle--metrics.svg,42
95,object-storage-lifecycle--lab,Object Storage Has a Lifecycle,Build and Validate,Data and Storage,images/object-storage-lifecycle--lab.png,svg/object-storage-lifecycle--lab.svg,39
96,search-index-freshness--roadmap,Search Is a Read Model,Bottleneck Roadmap,Data and Storage,images/search-index-freshness--roadmap.png,svg/search-index-freshness--roadmap.svg,41
97,search-index-freshness--decisions,Search Is a Read Model,Decision Guide,Data and Storage,images/search-index-freshness--decisions.png,svg/search-index-freshness--decisions.svg,45
98,search-index-freshness--incident,Search Is a Read Model,Failure and Recovery,Data and Storage,images/search-index-freshness--incident.png,svg/search-index-freshness--incident.svg,43
99,search-index-freshness--metrics,Search Is a Read Model,Metrics That Matter,Data and Storage,images/search-index-freshness--metrics.png,svg/search-index-freshness--metrics.svg,44
100,search-index-freshness--lab,Search Is a Read Model,Build and Validate,Data and Storage,images/search-index-freshness--lab.png,svg/search-index-freshness--lab.svg,40
101,cache-aside-contract--roadmap,Cache-Aside Has a Contract,Bottleneck Roadmap,Caches and Events,images/cache-aside-contract--roadmap.png,svg/cache-aside-contract--roadmap.svg,40
102,cache-aside-contract--decisions,Cache-Aside Has a Contract,Decision Guide,Caches and Events,images/cache-aside-contract--decisions.png,svg/cache-aside-contract--decisions.svg,45
103,cache-aside-contract--incident,Cache-Aside Has a Contract,Failure and Recovery,Caches and Events,images/cache-aside-contract--incident.png,svg/cache-aside-contract--incident.svg,41
104,cache-aside-contract--metrics,Cache-Aside Has a Contract,Metrics That Matter,Caches and Events,images/cache-aside-contract--metrics.png,svg/cache-aside-contract--metrics.svg,46
105,cache-aside-contract--lab,Cache-Aside Has a Contract,Build and Validate,Caches and Events,images/cache-aside-contract--lab.png,svg/cache-aside-contract--lab.svg,38
106,cache-invalidation-events--roadmap,Invalidation Is Delivery Work,Bottleneck Roadmap,Caches and Events,images/cache-invalidation-events--roadmap.png,svg/cache-invalidation-events--roadmap.svg,39
107,cache-invalidation-events--decisions,Invalidation Is Delivery Work,Decision Guide,Caches and Events,images/cache-invalidation-events--decisions.png,svg/cache-invalidation-events--decisions.svg,44
108,cache-invalidation-events--incident,Invalidation Is Delivery Work,Failure and Recovery,Caches and Events,images/cache-invalidation-events--incident.png,svg/cache-invalidation-events--incident.svg,41
109,cache-invalidation-events--metrics,Invalidation Is Delivery Work,Metrics That Matter,Caches and Events,images/cache-invalidation-events--metrics.png,svg/cache-invalidation-events--metrics.svg,40
110,cache-invalidation-events--lab,Invalidation Is Delivery Work,Build and Validate,Caches and Events,images/cache-invalidation-events--lab.png,svg/cache-invalidation-events--lab.svg,38
111,cache-stampede--roadmap,Stop the Cache Stampede,Bottleneck Roadmap,Caches and Events,images/cache-stampede--roadmap.png,svg/cache-stampede--roadmap.svg,43
112,cache-stampede--decisions,Stop the Cache Stampede,Decision Guide,Caches and Events,images/cache-stampede--decisions.png,svg/cache-stampede--decisions.svg,48
113,cache-stampede--incident,Stop the Cache Stampede,Failure and Recovery,Caches and Events,images/cache-stampede--incident.png,svg/cache-stampede--incident.svg,41
114,cache-stampede--metrics,Stop the Cache Stampede,Metrics That Matter,Caches and Events,images/cache-stampede--metrics.png,svg/cache-stampede--metrics.svg,46
115,cache-stampede--lab,Stop the Cache Stampede,Build and Validate,Caches and Events,images/cache-stampede--lab.png,svg/cache-stampede--lab.svg,41
116,hot-key-strategies--roadmap,Hot Keys Break Even Clusters,Bottleneck Roadmap,Caches and Events,images/hot-key-strategies--roadmap.png,svg/hot-key-strategies--roadmap.svg,41
117,hot-key-strategies--decisions,Hot Keys Break Even Clusters,Decision Guide,Caches and Events,images/hot-key-strategies--decisions.png,svg/hot-key-strategies--decisions.svg,46
118,hot-key-strategies--incident,Hot Keys Break Even Clusters,Failure and Recovery,Caches and Events,images/hot-key-strategies--incident.png,svg/hot-key-strategies--incident.svg,41
119,hot-key-strategies--metrics,Hot Keys Break Even Clusters,Metrics That Matter,Caches and Events,images/hot-key-strategies--metrics.png,svg/hot-key-strategies--metrics.svg,45
120,hot-key-strategies--lab,Hot Keys Break Even Clusters,Build and Validate,Caches and Events,images/hot-key-strategies--lab.png,svg/hot-key-strategies--lab.svg,41
121,cache-memory-budget--roadmap,Cache Memory Is a Budget,Bottleneck Roadmap,Caches and Events,images/cache-memory-budget--roadmap.png,svg/cache-memory-budget--roadmap.svg,46
122,cache-memory-budget--decisions,Cache Memory Is a Budget,Decision Guide,Caches and Events,images/cache-memory-budget--decisions.png,svg/cache-memory-budget--decisions.svg,47
123,cache-memory-budget--incident,Cache Memory Is a Budget,Failure and Recovery,Caches and Events,images/cache-memory-budget--incident.png,svg/cache-memory-budget--incident.svg,41
124,cache-memory-budget--metrics,Cache Memory Is a Budget,Metrics That Matter,Caches and Events,images/cache-memory-budget--metrics.png,svg/cache-memory-budget--metrics.svg,41
125,cache-memory-budget--lab,Cache Memory Is a Budget,Build and Validate,Caches and Events,images/cache-memory-budget--lab.png,svg/cache-memory-budget--lab.svg,39
126,partition-ordering--roadmap,Ordering Lives in a Partition,Bottleneck Roadmap,Caches and Events,images/partition-ordering--roadmap.png,svg/partition-ordering--roadmap.svg,40
127,partition-ordering--decisions,Ordering Lives in a Partition,Decision Guide,Caches and Events,images/partition-ordering--decisions.png,svg/partition-ordering--decisions.svg,45
128,partition-ordering--incident,Ordering Lives in a Partition,Failure and Recovery,Caches and Events,images/partition-ordering--incident.png,svg/partition-ordering--incident.svg,39
129,partition-ordering--metrics,Ordering Lives in a Partition,Metrics That Matter,Caches and Events,images/partition-ordering--metrics.png,svg/partition-ordering--metrics.svg,43
130,partition-ordering--lab,Ordering Lives in a Partition,Build and Validate,Caches and Events,images/partition-ordering--lab.png,svg/partition-ordering--lab.svg,37
131,queue-backpressure--roadmap,A Queue Is Not Infinite Capacity,Bottleneck Roadmap,Caches and Events,images/queue-backpressure--roadmap.png,svg/queue-backpressure--roadmap.svg,42
132,queue-backpressure--decisions,A Queue Is Not Infinite Capacity,Decision Guide,Caches and Events,images/queue-backpressure--decisions.png,svg/queue-backpressure--decisions.svg,47
133,queue-backpressure--incident,A Queue Is Not Infinite Capacity,Failure and Recovery,Caches and Events,images/queue-backpressure--incident.png,svg/queue-backpressure--incident.svg,37
134,queue-backpressure--metrics,A Queue Is Not Infinite Capacity,Metrics That Matter,Caches and Events,images/queue-backpressure--metrics.png,svg/queue-backpressure--metrics.svg,42
135,queue-backpressure--lab,A Queue Is Not Infinite Capacity,Build and Validate,Caches and Events,images/queue-backpressure--lab.png,svg/queue-backpressure--lab.svg,38
136,poison-message-recovery--roadmap,Dead Letters Need a Runbook,Bottleneck Roadmap,Caches and Events,images/poison-message-recovery--roadmap.png,svg/poison-message-recovery--roadmap.svg,43
137,poison-message-recovery--decisions,Dead Letters Need a Runbook,Decision Guide,Caches and Events,images/poison-message-recovery--decisions.png,svg/poison-message-recovery--decisions.svg,47
138,poison-message-recovery--incident,Dead Letters Need a Runbook,Failure and Recovery,Caches and Events,images/poison-message-recovery--incident.png,svg/poison-message-recovery--incident.svg,43
139,poison-message-recovery--metrics,Dead Letters Need a Runbook,Metrics That Matter,Caches and Events,images/poison-message-recovery--metrics.png,svg/poison-message-recovery--metrics.svg,42
140,poison-message-recovery--lab,Dead Letters Need a Runbook,Build and Validate,Caches and Events,images/poison-message-recovery--lab.png,svg/poison-message-recovery--lab.svg,40
141,consumer-deduplication--roadmap,Consumers Must Survive Redelivery,Bottleneck Roadmap,Caches and Events,images/consumer-deduplication--roadmap.png,svg/consumer-deduplication--roadmap.svg,39
142,consumer-deduplication--decisions,Consumers Must Survive Redelivery,Decision Guide,Caches and Events,images/consumer-deduplication--decisions.png,svg/consumer-deduplication--decisions.svg,45
143,consumer-deduplication--incident,Consumers Must Survive Redelivery,Failure and Recovery,Caches and Events,images/consumer-deduplication--incident.png,svg/consumer-deduplication--incident.svg,34
144,consumer-deduplication--metrics,Consumers Must Survive Redelivery,Metrics That Matter,Caches and Events,images/consumer-deduplication--metrics.png,svg/consumer-deduplication--metrics.svg,40
145,consumer-deduplication--lab,Consumers Must Survive Redelivery,Build and Validate,Caches and Events,images/consumer-deduplication--lab.png,svg/consumer-deduplication--lab.svg,37
146,safe-event-replay--roadmap,Replay Is a Production Feature,Bottleneck Roadmap,Caches and Events,images/safe-event-replay--roadmap.png,svg/safe-event-replay--roadmap.svg,38
147,safe-event-replay--decisions,Replay Is a Production Feature,Decision Guide,Caches and Events,images/safe-event-replay--decisions.png,svg/safe-event-replay--decisions.svg,44
148,safe-event-replay--incident,Replay Is a Production Feature,Failure and Recovery,Caches and Events,images/safe-event-replay--incident.png,svg/safe-event-replay--incident.svg,37
149,safe-event-replay--metrics,Replay Is a Production Feature,Metrics That Matter,Caches and Events,images/safe-event-replay--metrics.png,svg/safe-event-replay--metrics.svg,43
150,safe-event-replay--lab,Replay Is a Production Feature,Build and Validate,Caches and Events,images/safe-event-replay--lab.png,svg/safe-event-replay--lab.svg,35
151,meaningful-health-checks--roadmap,Health Checks That Mean Something,Bottleneck Roadmap,Reliability and Cloud,images/meaningful-health-checks--roadmap.png,svg/meaningful-health-checks--roadmap.svg,43
152,meaningful-health-checks--decisions,Health Checks That Mean Something,Decision Guide,Reliability and Cloud,images/meaningful-health-checks--decisions.png,svg/meaningful-health-checks--decisions.svg,47
153,meaningful-health-checks--incident,Health Checks That Mean Something,Failure and Recovery,Reliability and Cloud,images/meaningful-health-checks--incident.png,svg/meaningful-health-checks--incident.svg,38
154,meaningful-health-checks--metrics,Health Checks That Mean Something,Metrics That Matter,Reliability and Cloud,images/meaningful-health-checks--metrics.png,svg/meaningful-health-checks--metrics.svg,39
155,meaningful-health-checks--lab,Health Checks That Mean Something,Build and Validate,Reliability and Cloud,images/meaningful-health-checks--lab.png,svg/meaningful-health-checks--lab.svg,38
156,autoscaling-lag--roadmap,Autoscaling Has a Delay,Bottleneck Roadmap,Reliability and Cloud,images/autoscaling-lag--roadmap.png,svg/autoscaling-lag--roadmap.svg,39
157,autoscaling-lag--decisions,Autoscaling Has a Delay,Decision Guide,Reliability and Cloud,images/autoscaling-lag--decisions.png,svg/autoscaling-lag--decisions.svg,41
158,autoscaling-lag--incident,Autoscaling Has a Delay,Failure and Recovery,Reliability and Cloud,images/autoscaling-lag--incident.png,svg/autoscaling-lag--incident.svg,37
159,autoscaling-lag--metrics,Autoscaling Has a Delay,Metrics That Matter,Reliability and Cloud,images/autoscaling-lag--metrics.png,svg/autoscaling-lag--metrics.svg,39
160,autoscaling-lag--lab,Autoscaling Has a Delay,Build and Validate,Reliability and Cloud,images/autoscaling-lag--lab.png,svg/autoscaling-lag--lab.svg,37
161,safe-progressive-rollouts--roadmap,Rollouts Need Stop Conditions,Bottleneck Roadmap,Reliability and Cloud,images/safe-progressive-rollouts--roadmap.png,svg/safe-progressive-rollouts--roadmap.svg,38
162,safe-progressive-rollouts--decisions,Rollouts Need Stop Conditions,Decision Guide,Reliability and Cloud,images/safe-progressive-rollouts--decisions.png,svg/safe-progressive-rollouts--decisions.svg,42
163,safe-progressive-rollouts--incident,Rollouts Need Stop Conditions,Failure and Recovery,Reliability and Cloud,images/safe-progressive-rollouts--incident.png,svg/safe-progressive-rollouts--incident.svg,39
164,safe-progressive-rollouts--metrics,Rollouts Need Stop Conditions,Metrics That Matter,Reliability and Cloud,images/safe-progressive-rollouts--metrics.png,svg/safe-progressive-rollouts--metrics.svg,45
165,safe-progressive-rollouts--lab,Rollouts Need Stop Conditions,Build and Validate,Reliability and Cloud,images/safe-progressive-rollouts--lab.png,svg/safe-progressive-rollouts--lab.svg,40
166,feature-flag-lifecycle--roadmap,Feature Flags Need an Exit,Bottleneck Roadmap,Reliability and Cloud,images/feature-flag-lifecycle--roadmap.png,svg/feature-flag-lifecycle--roadmap.svg,34
167,feature-flag-lifecycle--decisions,Feature Flags Need an Exit,Decision Guide,Reliability and Cloud,images/feature-flag-lifecycle--decisions.png,svg/feature-flag-lifecycle--decisions.svg,38
168,feature-flag-lifecycle--incident,Feature Flags Need an Exit,Failure and Recovery,Reliability and Cloud,images/feature-flag-lifecycle--incident.png,svg/feature-flag-lifecycle--incident.svg,37
169,feature-flag-lifecycle--metrics,Feature Flags Need an Exit,Metrics That Matter,Reliability and Cloud,images/feature-flag-lifecycle--metrics.png,svg/feature-flag-lifecycle--metrics.svg,39
170,feature-flag-lifecycle--lab,Feature Flags Need an Exit,Build and Validate,Reliability and Cloud,images/feature-flag-lifecycle--lab.png,svg/feature-flag-lifecycle--lab.svg,34
171,observability-cardinality--roadmap,Observability Without a Data Flood,Bottleneck Roadmap,Reliability and Cloud,images/observability-cardinality--roadmap.png,svg/observability-cardinality--roadmap.svg,40
172,observability-cardinality--decisions,Observability Without a Data Flood,Decision Guide,Reliability and Cloud,images/observability-cardinality--decisions.png,svg/observability-cardinality--decisions.svg,41
173,observability-cardinality--incident,Observability Without a Data Flood,Failure and Recovery,Reliability and Cloud,images/observability-cardinality--incident.png,svg/observability-cardinality--incident.svg,40
174,observability-cardinality--metrics,Observability Without a Data Flood,Metrics That Matter,Reliability and Cloud,images/observability-cardinality--metrics.png,svg/observability-cardinality--metrics.svg,41
175,observability-cardinality--lab,Observability Without a Data Flood,Build and Validate,Reliability and Cloud,images/observability-cardinality--lab.png,svg/observability-cardinality--lab.svg,38
176,slo-error-budgets--roadmap,Error Budgets Guide Decisions,Bottleneck Roadmap,Reliability and Cloud,images/slo-error-budgets--roadmap.png,svg/slo-error-budgets--roadmap.svg,39
177,slo-error-budgets--decisions,Error Budgets Guide Decisions,Decision Guide,Reliability and Cloud,images/slo-error-budgets--decisions.png,svg/slo-error-budgets--decisions.svg,44
178,slo-error-budgets--incident,Error Budgets Guide Decisions,Failure and Recovery,Reliability and Cloud,images/slo-error-budgets--incident.png,svg/slo-error-budgets--incident.svg,40
179,slo-error-budgets--metrics,Error Budgets Guide Decisions,Metrics That Matter,Reliability and Cloud,images/slo-error-budgets--metrics.png,svg/slo-error-budgets--metrics.svg,42
180,slo-error-budgets--lab,Error Budgets Guide Decisions,Build and Validate,Reliability and Cloud,images/slo-error-budgets--lab.png,svg/slo-error-budgets--lab.svg,37
181,incident-evidence-first--roadmap,Incidents Need an Evidence Trail,Bottleneck Roadmap,Reliability and Cloud,images/incident-evidence-first--roadmap.png,svg/incident-evidence-first--roadmap.svg,35
182,incident-evidence-first--decisions,Incidents Need an Evidence Trail,Decision Guide,Reliability and Cloud,images/incident-evidence-first--decisions.png,svg/incident-evidence-first--decisions.svg,42
183,incident-evidence-first--incident,Incidents Need an Evidence Trail,Failure and Recovery,Reliability and Cloud,images/incident-evidence-first--incident.png,svg/incident-evidence-first--incident.svg,39
184,incident-evidence-first--metrics,Incidents Need an Evidence Trail,Metrics That Matter,Reliability and Cloud,images/incident-evidence-first--metrics.png,svg/incident-evidence-first--metrics.svg,40
185,incident-evidence-first--lab,Incidents Need an Evidence Trail,Build and Validate,Reliability and Cloud,images/incident-evidence-first--lab.png,svg/incident-evidence-first--lab.svg,35
186,multi-region-recovery--roadmap,Multi-Region Is a Data Decision,Bottleneck Roadmap,Reliability and Cloud,images/multi-region-recovery--roadmap.png,svg/multi-region-recovery--roadmap.svg,37
187,multi-region-recovery--decisions,Multi-Region Is a Data Decision,Decision Guide,Reliability and Cloud,images/multi-region-recovery--decisions.png,svg/multi-region-recovery--decisions.svg,45
188,multi-region-recovery--incident,Multi-Region Is a Data Decision,Failure and Recovery,Reliability and Cloud,images/multi-region-recovery--incident.png,svg/multi-region-recovery--incident.svg,42
189,multi-region-recovery--metrics,Multi-Region Is a Data Decision,Metrics That Matter,Reliability and Cloud,images/multi-region-recovery--metrics.png,svg/multi-region-recovery--metrics.svg,40
190,multi-region-recovery--lab,Multi-Region Is a Data Decision,Build and Validate,Reliability and Cloud,images/multi-region-recovery--lab.png,svg/multi-region-recovery--lab.svg,39
191,container-resource-limits--roadmap,Container Limits Change Behavior,Bottleneck Roadmap,Reliability and Cloud,images/container-resource-limits--roadmap.png,svg/container-resource-limits--roadmap.svg,38
192,container-resource-limits--decisions,Container Limits Change Behavior,Decision Guide,Reliability and Cloud,images/container-resource-limits--decisions.png,svg/container-resource-limits--decisions.svg,45
193,container-resource-limits--incident,Container Limits Change Behavior,Failure and Recovery,Reliability and Cloud,images/container-resource-limits--incident.png,svg/container-resource-limits--incident.svg,38
194,container-resource-limits--metrics,Container Limits Change Behavior,Metrics That Matter,Reliability and Cloud,images/container-resource-limits--metrics.png,svg/container-resource-limits--metrics.svg,41
195,container-resource-limits--lab,Container Limits Change Behavior,Build and Validate,Reliability and Cloud,images/container-resource-limits--lab.png,svg/container-resource-limits--lab.svg,39
196,cloud-unit-economics--roadmap,Cloud Cost per Useful Outcome,Bottleneck Roadmap,Reliability and Cloud,images/cloud-unit-economics--roadmap.png,svg/cloud-unit-economics--roadmap.svg,40
197,cloud-unit-economics--decisions,Cloud Cost per Useful Outcome,Decision Guide,Reliability and Cloud,images/cloud-unit-economics--decisions.png,svg/cloud-unit-economics--decisions.svg,44
198,cloud-unit-economics--incident,Cloud Cost per Useful Outcome,Failure and Recovery,Reliability and Cloud,images/cloud-unit-economics--incident.png,svg/cloud-unit-economics--incident.svg,38
199,cloud-unit-economics--metrics,Cloud Cost per Useful Outcome,Metrics That Matter,Reliability and Cloud,images/cloud-unit-economics--metrics.png,svg/cloud-unit-economics--metrics.svg,40
200,cloud-unit-economics--lab,Cloud Cost per Useful Outcome,Build and Validate,Reliability and Cloud,images/cloud-unit-economics--lab.png,svg/cloud-unit-economics--lab.svg,38
201,oidc-login-boundaries--roadmap,Login Is More Than a Token,Bottleneck Roadmap,Security AI and Web,images/oidc-login-boundaries--roadmap.png,svg/oidc-login-boundaries--roadmap.svg,44
202,oidc-login-boundaries--decisions,Login Is More Than a Token,Decision Guide,Security AI and Web,images/oidc-login-boundaries--decisions.png,svg/oidc-login-boundaries--decisions.svg,47
203,oidc-login-boundaries--incident,Login Is More Than a Token,Failure and Recovery,Security AI and Web,images/oidc-login-boundaries--incident.png,svg/oidc-login-boundaries--incident.svg,40
204,oidc-login-boundaries--metrics,Login Is More Than a Token,Metrics That Matter,Security AI and Web,images/oidc-login-boundaries--metrics.png,svg/oidc-login-boundaries--metrics.svg,40
205,oidc-login-boundaries--lab,Login Is More Than a Token,Build and Validate,Security AI and Web,images/oidc-login-boundaries--lab.png,svg/oidc-login-boundaries--lab.svg,40
206,jwt-validation-contract--roadmap,JWT Validation Is a Contract,Bottleneck Roadmap,Security AI and Web,images/jwt-validation-contract--roadmap.png,svg/jwt-validation-contract--roadmap.svg,46
207,jwt-validation-contract--decisions,JWT Validation Is a Contract,Decision Guide,Security AI and Web,images/jwt-validation-contract--decisions.png,svg/jwt-validation-contract--decisions.svg,47
208,jwt-validation-contract--incident,JWT Validation Is a Contract,Failure and Recovery,Security AI and Web,images/jwt-validation-contract--incident.png,svg/jwt-validation-contract--incident.svg,42
209,jwt-validation-contract--metrics,JWT Validation Is a Contract,Metrics That Matter,Security AI and Web,images/jwt-validation-contract--metrics.png,svg/jwt-validation-contract--metrics.svg,43
210,jwt-validation-contract--lab,JWT Validation Is a Contract,Build and Validate,Security AI and Web,images/jwt-validation-contract--lab.png,svg/jwt-validation-contract--lab.svg,41
211,tenant-resource-authorization--roadmap,"Authorize the Object, Not the URL",Bottleneck Roadmap,Security AI and Web,images/tenant-resource-authorization--roadmap.png,svg/tenant-resource-authorization--roadmap.svg,41
212,tenant-resource-authorization--decisions,"Authorize the Object, Not the URL",Decision Guide,Security AI and Web,images/tenant-resource-authorization--decisions.png,svg/tenant-resource-authorization--decisions.svg,42
213,tenant-resource-authorization--incident,"Authorize the Object, Not the URL",Failure and Recovery,Security AI and Web,images/tenant-resource-authorization--incident.png,svg/tenant-resource-authorization--incident.svg,37
214,tenant-resource-authorization--metrics,"Authorize the Object, Not the URL",Metrics That Matter,Security AI and Web,images/tenant-resource-authorization--metrics.png,svg/tenant-resource-authorization--metrics.svg,37
215,tenant-resource-authorization--lab,"Authorize the Object, Not the URL",Build and Validate,Security AI and Web,images/tenant-resource-authorization--lab.png,svg/tenant-resource-authorization--lab.svg,35
216,secret-rotation-workflow--roadmap,Rotate Secrets Without Guessing,Bottleneck Roadmap,Security AI and Web,images/secret-rotation-workflow--roadmap.png,svg/secret-rotation-workflow--roadmap.svg,43
217,secret-rotation-workflow--decisions,Rotate Secrets Without Guessing,Decision Guide,Security AI and Web,images/secret-rotation-workflow--decisions.png,svg/secret-rotation-workflow--decisions.svg,47
218,secret-rotation-workflow--incident,Rotate Secrets Without Guessing,Failure and Recovery,Security AI and Web,images/secret-rotation-workflow--incident.png,svg/secret-rotation-workflow--incident.svg,42
219,secret-rotation-workflow--metrics,Rotate Secrets Without Guessing,Metrics That Matter,Security AI and Web,images/secret-rotation-workflow--metrics.png,svg/secret-rotation-workflow--metrics.svg,41
220,secret-rotation-workflow--lab,Rotate Secrets Without Guessing,Build and Validate,Security AI and Web,images/secret-rotation-workflow--lab.png,svg/secret-rotation-workflow--lab.svg,40
221,cors-csrf-boundaries--roadmap,CORS Is Not Authorization,Bottleneck Roadmap,Security AI and Web,images/cors-csrf-boundaries--roadmap.png,svg/cors-csrf-boundaries--roadmap.svg,41
222,cors-csrf-boundaries--decisions,CORS Is Not Authorization,Decision Guide,Security AI and Web,images/cors-csrf-boundaries--decisions.png,svg/cors-csrf-boundaries--decisions.svg,41
223,cors-csrf-boundaries--incident,CORS Is Not Authorization,Failure and Recovery,Security AI and Web,images/cors-csrf-boundaries--incident.png,svg/cors-csrf-boundaries--incident.svg,39
224,cors-csrf-boundaries--metrics,CORS Is Not Authorization,Metrics That Matter,Security AI and Web,images/cors-csrf-boundaries--metrics.png,svg/cors-csrf-boundaries--metrics.svg,41
225,cors-csrf-boundaries--lab,CORS Is Not Authorization,Build and Validate,Security AI and Web,images/cors-csrf-boundaries--lab.png,svg/cors-csrf-boundaries--lab.svg,38
226,web-performance-critical-path--roadmap,Optimize the User's Critical Path,Bottleneck Roadmap,Security AI and Web,images/web-performance-critical-path--roadmap.png,svg/web-performance-critical-path--roadmap.svg,41
227,web-performance-critical-path--decisions,Optimize the User's Critical Path,Decision Guide,Security AI and Web,images/web-performance-critical-path--decisions.png,svg/web-performance-critical-path--decisions.svg,46
228,web-performance-critical-path--incident,Optimize the User's Critical Path,Failure and Recovery,Security AI and Web,images/web-performance-critical-path--incident.png,svg/web-performance-critical-path--incident.svg,36
229,web-performance-critical-path--metrics,Optimize the User's Critical Path,Metrics That Matter,Security AI and Web,images/web-performance-critical-path--metrics.png,svg/web-performance-critical-path--metrics.svg,43
230,web-performance-critical-path--lab,Optimize the User's Critical Path,Build and Validate,Security AI and Web,images/web-performance-critical-path--lab.png,svg/web-performance-critical-path--lab.svg,40
231,rag-retrieval-evaluation--roadmap,RAG Starts With Retrieval Evidence,Bottleneck Roadmap,Security AI and Web,images/rag-retrieval-evaluation--roadmap.png,svg/rag-retrieval-evaluation--roadmap.svg,37
232,rag-retrieval-evaluation--decisions,RAG Starts With Retrieval Evidence,Decision Guide,Security AI and Web,images/rag-retrieval-evaluation--decisions.png,svg/rag-retrieval-evaluation--decisions.svg,44
233,rag-retrieval-evaluation--incident,RAG Starts With Retrieval Evidence,Failure and Recovery,Security AI and Web,images/rag-retrieval-evaluation--incident.png,svg/rag-retrieval-evaluation--incident.svg,39
234,rag-retrieval-evaluation--metrics,RAG Starts With Retrieval Evidence,Metrics That Matter,Security AI and Web,images/rag-retrieval-evaluation--metrics.png,svg/rag-retrieval-evaluation--metrics.svg,41
235,rag-retrieval-evaluation--lab,RAG Starts With Retrieval Evidence,Build and Validate,Security AI and Web,images/rag-retrieval-evaluation--lab.png,svg/rag-retrieval-evaluation--lab.svg,35
236,rag-permission-boundaries--roadmap,RAG Must Respect Current Access,Bottleneck Roadmap,Security AI and Web,images/rag-permission-boundaries--roadmap.png,svg/rag-permission-boundaries--roadmap.svg,42
237,rag-permission-boundaries--decisions,RAG Must Respect Current Access,Decision Guide,Security AI and Web,images/rag-permission-boundaries--decisions.png,svg/rag-permission-boundaries--decisions.svg,45
238,rag-permission-boundaries--incident,RAG Must Respect Current Access,Failure and Recovery,Security AI and Web,images/rag-permission-boundaries--incident.png,svg/rag-permission-boundaries--incident.svg,40
239,rag-permission-boundaries--metrics,RAG Must Respect Current Access,Metrics That Matter,Security AI and Web,images/rag-permission-boundaries--metrics.png,svg/rag-permission-boundaries--metrics.svg,43
240,rag-permission-boundaries--lab,RAG Must Respect Current Access,Build and Validate,Security AI and Web,images/rag-permission-boundaries--lab.png,svg/rag-permission-boundaries--lab.svg,38
241,llm-cost-latency-budget--roadmap,LLM Calls Need a Budget,Bottleneck Roadmap,Security AI and Web,images/llm-cost-latency-budget--roadmap.png,svg/llm-cost-latency-budget--roadmap.svg,42
242,llm-cost-latency-budget--decisions,LLM Calls Need a Budget,Decision Guide,Security AI and Web,images/llm-cost-latency-budget--decisions.png,svg/llm-cost-latency-budget--decisions.svg,43
243,llm-cost-latency-budget--incident,LLM Calls Need a Budget,Failure and Recovery,Security AI and Web,images/llm-cost-latency-budget--incident.png,svg/llm-cost-latency-budget--incident.svg,40
244,llm-cost-latency-budget--metrics,LLM Calls Need a Budget,Metrics That Matter,Security AI and Web,images/llm-cost-latency-budget--metrics.png,svg/llm-cost-latency-budget--metrics.svg,42
245,llm-cost-latency-budget--lab,LLM Calls Need a Budget,Build and Validate,Security AI and Web,images/llm-cost-latency-budget--lab.png,svg/llm-cost-latency-budget--lab.svg,40
246,ml-drift-and-quality--roadmap,Data Drift Is Not Model Accuracy,Bottleneck Roadmap,Security AI and Web,images/ml-drift-and-quality--roadmap.png,svg/ml-drift-and-quality--roadmap.svg,42
247,ml-drift-and-quality--decisions,Data Drift Is Not Model Accuracy,Decision Guide,Security AI and Web,images/ml-drift-and-quality--decisions.png,svg/ml-drift-and-quality--decisions.svg,43
248,ml-drift-and-quality--incident,Data Drift Is Not Model Accuracy,Failure and Recovery,Security AI and Web,images/ml-drift-and-quality--incident.png,svg/ml-drift-and-quality--incident.svg,41
249,ml-drift-and-quality--metrics,Data Drift Is Not Model Accuracy,Metrics That Matter,Security AI and Web,images/ml-drift-and-quality--metrics.png,svg/ml-drift-and-quality--metrics.svg,45
250,ml-drift-and-quality--lab,Data Drift Is Not Model Accuracy,Build and Validate,Security AI and Web,images/ml-drift-and-quality--lab.png,svg/ml-drift-and-quality--lab.svg,40
251,study-microsoft-90-day-plan--roadmap,Prepare for Microsoft in 90 Days,Learning Roadmap,Career Roadmaps,images/study-microsoft-90-day-plan--roadmap.png,svg/study-microsoft-90-day-plan--roadmap.svg,50
252,study-microsoft-90-day-plan--decisions,Prepare for Microsoft in 90 Days,Practice Decisions,Career Roadmaps,images/study-microsoft-90-day-plan--decisions.png,svg/study-microsoft-90-day-plan--decisions.svg,55
253,study-microsoft-90-day-plan--incident,Prepare for Microsoft in 90 Days,Pitfalls and Checks,Career Roadmaps,images/study-microsoft-90-day-plan--incident.png,svg/study-microsoft-90-day-plan--incident.svg,45
254,study-microsoft-90-day-plan--metrics,Prepare for Microsoft in 90 Days,Readiness Signals,Career Roadmaps,images/study-microsoft-90-day-plan--metrics.png,svg/study-microsoft-90-day-plan--metrics.svg,46
255,study-microsoft-90-day-plan--lab,Prepare for Microsoft in 90 Days,Build and Validate,Career Roadmaps,images/study-microsoft-90-day-plan--lab.png,svg/study-microsoft-90-day-plan--lab.svg,54
256,study-complete-swe-study-plan--roadmap,A Complete 12-Week SWE Study Plan,Learning Roadmap,Career Roadmaps,images/study-complete-swe-study-plan--roadmap.png,svg/study-complete-swe-study-plan--roadmap.svg,51
257,study-complete-swe-study-plan--decisions,A Complete 12-Week SWE Study Plan,Practice Decisions,Career Roadmaps,images/study-complete-swe-study-plan--decisions.png,svg/study-complete-swe-study-plan--decisions.svg,45
258,study-complete-swe-study-plan--incident,A Complete 12-Week SWE Study Plan,Pitfalls and Checks,Career Roadmaps,images/study-complete-swe-study-plan--incident.png,svg/study-complete-swe-study-plan--incident.svg,33
259,study-complete-swe-study-plan--metrics,A Complete 12-Week SWE Study Plan,Readiness Signals,Career Roadmaps,images/study-complete-swe-study-plan--metrics.png,svg/study-complete-swe-study-plan--metrics.svg,36
260,study-complete-swe-study-plan--lab,A Complete 12-Week SWE Study Plan,Build and Validate,Career Roadmaps,images/study-complete-swe-study-plan--lab.png,svg/study-complete-swe-study-plan--lab.svg,45
261,study-faang-90-day-preparation--roadmap,FAANG Preparation Without Question Chasing,Learning Roadmap,Career Roadmaps,images/study-faang-90-day-preparation--roadmap.png,svg/study-faang-90-day-preparation--roadmap.svg,46
262,study-faang-90-day-preparation--decisions,FAANG Preparation Without Question Chasing,Practice Decisions,Career Roadmaps,images/study-faang-90-day-preparation--decisions.png,svg/study-faang-90-day-preparation--decisions.svg,45
263,study-faang-90-day-preparation--incident,FAANG Preparation Without Question Chasing,Pitfalls and Checks,Career Roadmaps,images/study-faang-90-day-preparation--incident.png,svg/study-faang-90-day-preparation--incident.svg,33
264,study-faang-90-day-preparation--metrics,FAANG Preparation Without Question Chasing,Readiness Signals,Career Roadmaps,images/study-faang-90-day-preparation--metrics.png,svg/study-faang-90-day-preparation--metrics.svg,34
265,study-faang-90-day-preparation--lab,FAANG Preparation Without Question Chasing,Build and Validate,Career Roadmaps,images/study-faang-90-day-preparation--lab.png,svg/study-faang-90-day-preparation--lab.svg,44
266,study-service-to-product-company--roadmap,Move from Services to a Product Role,Learning Roadmap,Career Roadmaps,images/study-service-to-product-company--roadmap.png,svg/study-service-to-product-company--roadmap.svg,55
267,study-service-to-product-company--decisions,Move from Services to a Product Role,Practice Decisions,Career Roadmaps,images/study-service-to-product-company--decisions.png,svg/study-service-to-product-company--decisions.svg,51
268,study-service-to-product-company--incident,Move from Services to a Product Role,Pitfalls and Checks,Career Roadmaps,images/study-service-to-product-company--incident.png,svg/study-service-to-product-company--incident.svg,38
269,study-service-to-product-company--metrics,Move from Services to a Product Role,Readiness Signals,Career Roadmaps,images/study-service-to-product-company--metrics.png,svg/study-service-to-product-company--metrics.svg,38
270,study-service-to-product-company--lab,Move from Services to a Product Role,Build and Validate,Career Roadmaps,images/study-service-to-product-company--lab.png,svg/study-service-to-product-company--lab.svg,55
271,study-non-cs-to-software--roadmap,A Non-CS Graduate's Software Roadmap,Learning Roadmap,Career Roadmaps,images/study-non-cs-to-software--roadmap.png,svg/study-non-cs-to-software--roadmap.svg,57
272,study-non-cs-to-software--decisions,A Non-CS Graduate's Software Roadmap,Practice Decisions,Career Roadmaps,images/study-non-cs-to-software--decisions.png,svg/study-non-cs-to-software--decisions.svg,51
273,study-non-cs-to-software--incident,A Non-CS Graduate's Software Roadmap,Pitfalls and Checks,Career Roadmaps,images/study-non-cs-to-software--incident.png,svg/study-non-cs-to-software--incident.svg,39
274,study-non-cs-to-software--metrics,A Non-CS Graduate's Software Roadmap,Readiness Signals,Career Roadmaps,images/study-non-cs-to-software--metrics.png,svg/study-non-cs-to-software--metrics.svg,39
275,study-non-cs-to-software--lab,A Non-CS Graduate's Software Roadmap,Build and Validate,Career Roadmaps,images/study-non-cs-to-software--lab.png,svg/study-non-cs-to-software--lab.svg,44
276,study-resume-github-portfolio--roadmap,Build a Resume and GitHub Portfolio,Learning Roadmap,Career Roadmaps,images/study-resume-github-portfolio--roadmap.png,svg/study-resume-github-portfolio--roadmap.svg,53
277,study-resume-github-portfolio--decisions,Build a Resume and GitHub Portfolio,Practice Decisions,Career Roadmaps,images/study-resume-github-portfolio--decisions.png,svg/study-resume-github-portfolio--decisions.svg,50
278,study-resume-github-portfolio--incident,Build a Resume and GitHub Portfolio,Pitfalls and Checks,Career Roadmaps,images/study-resume-github-portfolio--incident.png,svg/study-resume-github-portfolio--incident.svg,41
279,study-resume-github-portfolio--metrics,Build a Resume and GitHub Portfolio,Readiness Signals,Career Roadmaps,images/study-resume-github-portfolio--metrics.png,svg/study-resume-github-portfolio--metrics.svg,43
280,study-resume-github-portfolio--lab,Build a Resume and GitHub Portfolio,Build and Validate,Career Roadmaps,images/study-resume-github-portfolio--lab.png,svg/study-resume-github-portfolio--lab.svg,51
281,study-behavioral-project-stories--roadmap,Behavioral Interviews and Project Stories,Learning Roadmap,Career Roadmaps,images/study-behavioral-project-stories--roadmap.png,svg/study-behavioral-project-stories--roadmap.svg,55
282,study-behavioral-project-stories--decisions,Behavioral Interviews and Project Stories,Practice Decisions,Career Roadmaps,images/study-behavioral-project-stories--decisions.png,svg/study-behavioral-project-stories--decisions.svg,45
283,study-behavioral-project-stories--incident,Behavioral Interviews and Project Stories,Pitfalls and Checks,Career Roadmaps,images/study-behavioral-project-stories--incident.png,svg/study-behavioral-project-stories--incident.svg,36
284,study-behavioral-project-stories--metrics,Behavioral Interviews and Project Stories,Readiness Signals,Career Roadmaps,images/study-behavioral-project-stories--metrics.png,svg/study-behavioral-project-stories--metrics.svg,34
285,study-behavioral-project-stories--lab,Behavioral Interviews and Project Stories,Build and Validate,Career Roadmaps,images/study-behavioral-project-stories--lab.png,svg/study-behavioral-project-stories--lab.svg,45
286,study-mock-interview-readiness--roadmap,Run Better Mocks and Measure Readiness,Learning Roadmap,Career Roadmaps,images/study-mock-interview-readiness--roadmap.png,svg/study-mock-interview-readiness--roadmap.svg,62
287,study-mock-interview-readiness--decisions,Run Better Mocks and Measure Readiness,Practice Decisions,Career Roadmaps,images/study-mock-interview-readiness--decisions.png,svg/study-mock-interview-readiness--decisions.svg,43
288,study-mock-interview-readiness--incident,Run Better Mocks and Measure Readiness,Pitfalls and Checks,Career Roadmaps,images/study-mock-interview-readiness--incident.png,svg/study-mock-interview-readiness--incident.svg,35
289,study-mock-interview-readiness--metrics,Run Better Mocks and Measure Readiness,Readiness Signals,Career Roadmaps,images/study-mock-interview-readiness--metrics.png,svg/study-mock-interview-readiness--metrics.svg,35
290,study-mock-interview-readiness--lab,Run Better Mocks and Measure Readiness,Build and Validate,Career Roadmaps,images/study-mock-interview-readiness--lab.png,svg/study-mock-interview-readiness--lab.svg,47
291,study-operating-systems-six-week-plan--roadmap,Get Good at Operating Systems in Six Weeks,Learning Roadmap,Core Computer Science,images/study-operating-systems-six-week-plan--roadmap.png,svg/study-operating-systems-six-week-plan--roadmap.svg,54
292,study-operating-systems-six-week-plan--decisions,Get Good at Operating Systems in Six Weeks,Practice Decisions,Core Computer Science,images/study-operating-systems-six-week-plan--decisions.png,svg/study-operating-systems-six-week-plan--decisions.svg,43
293,study-operating-systems-six-week-plan--incident,Get Good at Operating Systems in Six Weeks,Pitfalls and Checks,Core Computer Science,images/study-operating-systems-six-week-plan--incident.png,svg/study-operating-systems-six-week-plan--incident.svg,36
294,study-operating-systems-six-week-plan--metrics,Get Good at Operating Systems in Six Weeks,Readiness Signals,Core Computer Science,images/study-operating-systems-six-week-plan--metrics.png,svg/study-operating-systems-six-week-plan--metrics.svg,39
295,study-operating-systems-six-week-plan--lab,Get Good at Operating Systems in Six Weeks,Build and Validate,Core Computer Science,images/study-operating-systems-six-week-plan--lab.png,svg/study-operating-systems-six-week-plan--lab.svg,54
296,study-computer-networks-six-week-plan--roadmap,Plan Your Computer Networks Preparation,Learning Roadmap,Core Computer Science,images/study-computer-networks-six-week-plan--roadmap.png,svg/study-computer-networks-six-week-plan--roadmap.svg,57
297,study-computer-networks-six-week-plan--decisions,Plan Your Computer Networks Preparation,Practice Decisions,Core Computer Science,images/study-computer-networks-six-week-plan--decisions.png,svg/study-computer-networks-six-week-plan--decisions.svg,51
298,study-computer-networks-six-week-plan--incident,Plan Your Computer Networks Preparation,Pitfalls and Checks,Core Computer Science,images/study-computer-networks-six-week-plan--incident.png,svg/study-computer-networks-six-week-plan--incident.svg,38
299,study-computer-networks-six-week-plan--metrics,Plan Your Computer Networks Preparation,Readiness Signals,Core Computer Science,images/study-computer-networks-six-week-plan--metrics.png,svg/study-computer-networks-six-week-plan--metrics.svg,37
300,study-computer-networks-six-week-plan--lab,Plan Your Computer Networks Preparation,Build and Validate,Core Computer Science,images/study-computer-networks-six-week-plan--lab.png,svg/study-computer-networks-six-week-plan--lab.svg,57
301,study-linux-cli-debugging--roadmap,Linux CLI and Debugging for Engineers,Learning Roadmap,Core Computer Science,images/study-linux-cli-debugging--roadmap.png,svg/study-linux-cli-debugging--roadmap.svg,53
302,study-linux-cli-debugging--decisions,Linux CLI and Debugging for Engineers,Practice Decisions,Core Computer Science,images/study-linux-cli-debugging--decisions.png,svg/study-linux-cli-debugging--decisions.svg,42
303,study-linux-cli-debugging--incident,Linux CLI and Debugging for Engineers,Pitfalls and Checks,Core Computer Science,images/study-linux-cli-debugging--incident.png,svg/study-linux-cli-debugging--incident.svg,32
304,study-linux-cli-debugging--metrics,Linux CLI and Debugging for Engineers,Readiness Signals,Core Computer Science,images/study-linux-cli-debugging--metrics.png,svg/study-linux-cli-debugging--metrics.svg,32
305,study-linux-cli-debugging--lab,Linux CLI and Debugging for Engineers,Build and Validate,Core Computer Science,images/study-linux-cli-debugging--lab.png,svg/study-linux-cli-debugging--lab.svg,47
306,study-c-cpp-memory-safety--roadmap,C and C++ Memory Safety Foundations,Learning Roadmap,Core Computer Science,images/study-c-cpp-memory-safety--roadmap.png,svg/study-c-cpp-memory-safety--roadmap.svg,60
307,study-c-cpp-memory-safety--decisions,C and C++ Memory Safety Foundations,Practice Decisions,Core Computer Science,images/study-c-cpp-memory-safety--decisions.png,svg/study-c-cpp-memory-safety--decisions.svg,44
308,study-c-cpp-memory-safety--incident,C and C++ Memory Safety Foundations,Pitfalls and Checks,Core Computer Science,images/study-c-cpp-memory-safety--incident.png,svg/study-c-cpp-memory-safety--incident.svg,35
309,study-c-cpp-memory-safety--metrics,C and C++ Memory Safety Foundations,Readiness Signals,Core Computer Science,images/study-c-cpp-memory-safety--metrics.png,svg/study-c-cpp-memory-safety--metrics.svg,38
310,study-c-cpp-memory-safety--lab,C and C++ Memory Safety Foundations,Build and Validate,Core Computer Science,images/study-c-cpp-memory-safety--lab.png,svg/study-c-cpp-memory-safety--lab.svg,59
311,study-concurrency-synchronization--roadmap,"Concurrency, Locks, and Safe Shutdown",Learning Roadmap,Core Computer Science,images/study-concurrency-synchronization--roadmap.png,svg/study-concurrency-synchronization--roadmap.svg,47
312,study-concurrency-synchronization--decisions,"Concurrency, Locks, and Safe Shutdown",Practice Decisions,Core Computer Science,images/study-concurrency-synchronization--decisions.png,svg/study-concurrency-synchronization--decisions.svg,46
313,study-concurrency-synchronization--incident,"Concurrency, Locks, and Safe Shutdown",Pitfalls and Checks,Core Computer Science,images/study-concurrency-synchronization--incident.png,svg/study-concurrency-synchronization--incident.svg,33
314,study-concurrency-synchronization--metrics,"Concurrency, Locks, and Safe Shutdown",Readiness Signals,Core Computer Science,images/study-concurrency-synchronization--metrics.png,svg/study-concurrency-synchronization--metrics.svg,36
315,study-concurrency-synchronization--lab,"Concurrency, Locks, and Safe Shutdown",Build and Validate,Core Computer Science,images/study-concurrency-synchronization--lab.png,svg/study-concurrency-synchronization--lab.svg,52
316,study-databases-transactions--roadmap,"Databases, SQL, Indexes, and Transactions",Learning Roadmap,Core Computer Science,images/study-databases-transactions--roadmap.png,svg/study-databases-transactions--roadmap.svg,56
317,study-databases-transactions--decisions,"Databases, SQL, Indexes, and Transactions",Practice Decisions,Core Computer Science,images/study-databases-transactions--decisions.png,svg/study-databases-transactions--decisions.svg,47
318,study-databases-transactions--incident,"Databases, SQL, Indexes, and Transactions",Pitfalls and Checks,Core Computer Science,images/study-databases-transactions--incident.png,svg/study-databases-transactions--incident.svg,34
319,study-databases-transactions--metrics,"Databases, SQL, Indexes, and Transactions",Readiness Signals,Core Computer Science,images/study-databases-transactions--metrics.png,svg/study-databases-transactions--metrics.svg,37
320,study-databases-transactions--lab,"Databases, SQL, Indexes, and Transactions",Build and Validate,Core Computer Science,images/study-databases-transactions--lab.png,svg/study-databases-transactions--lab.svg,55
321,study-http-dns-tls-request-journey--roadmap,"Trace a Request Through DNS, TLS, and HTTP",Learning Roadmap,Core Computer Science,images/study-http-dns-tls-request-journey--roadmap.png,svg/study-http-dns-tls-request-journey--roadmap.svg,58
322,study-http-dns-tls-request-journey--decisions,"Trace a Request Through DNS, TLS, and HTTP",Practice Decisions,Core Computer Science,images/study-http-dns-tls-request-journey--decisions.png,svg/study-http-dns-tls-request-journey--decisions.svg,50
323,study-http-dns-tls-request-journey--incident,"Trace a Request Through DNS, TLS, and HTTP",Pitfalls and Checks,Core Computer Science,images/study-http-dns-tls-request-journey--incident.png,svg/study-http-dns-tls-request-journey--incident.svg,37
324,study-http-dns-tls-request-journey--metrics,"Trace a Request Through DNS, TLS, and HTTP",Readiness Signals,Core Computer Science,images/study-http-dns-tls-request-journey--metrics.png,svg/study-http-dns-tls-request-journey--metrics.svg,37
325,study-http-dns-tls-request-journey--lab,"Trace a Request Through DNS, TLS, and HTTP",Build and Validate,Core Computer Science,images/study-http-dns-tls-request-journey--lab.png,svg/study-http-dns-tls-request-journey--lab.svg,61
326,study-performance-profiling-tail-latency--roadmap,Profile Performance and Explain Tail Latency,Learning Roadmap,Core Computer Science,images/study-performance-profiling-tail-latency--roadmap.png,svg/study-performance-profiling-tail-latency--roadmap.svg,52
327,study-performance-profiling-tail-latency--decisions,Profile Performance and Explain Tail Latency,Practice Decisions,Core Computer Science,images/study-performance-profiling-tail-latency--decisions.png,svg/study-performance-profiling-tail-latency--decisions.svg,45
328,study-performance-profiling-tail-latency--incident,Profile Performance and Explain Tail Latency,Pitfalls and Checks,Core Computer Science,images/study-performance-profiling-tail-latency--incident.png,svg/study-performance-profiling-tail-latency--incident.svg,36
329,study-performance-profiling-tail-latency--metrics,Profile Performance and Explain Tail Latency,Readiness Signals,Core Computer Science,images/study-performance-profiling-tail-latency--metrics.png,svg/study-performance-profiling-tail-latency--metrics.svg,37
330,study-performance-profiling-tail-latency--lab,Profile Performance and Explain Tail Latency,Build and Validate,Core Computer Science,images/study-performance-profiling-tail-latency--lab.png,svg/study-performance-profiling-tail-latency--lab.svg,43
331,study-git-code-review-ci--roadmap,"Git, Code Review, and CI That Protect Changes",Learning Roadmap,Core Computer Science,images/study-git-code-review-ci--roadmap.png,svg/study-git-code-review-ci--roadmap.svg,61
332,study-git-code-review-ci--decisions,"Git, Code Review, and CI That Protect Changes",Practice Decisions,Core Computer Science,images/study-git-code-review-ci--decisions.png,svg/study-git-code-review-ci--decisions.svg,49
333,study-git-code-review-ci--incident,"Git, Code Review, and CI That Protect Changes",Pitfalls and Checks,Core Computer Science,images/study-git-code-review-ci--incident.png,svg/study-git-code-review-ci--incident.svg,36
334,study-git-code-review-ci--metrics,"Git, Code Review, and CI That Protect Changes",Readiness Signals,Core Computer Science,images/study-git-code-review-ci--metrics.png,svg/study-git-code-review-ci--metrics.svg,40
335,study-git-code-review-ci--lab,"Git, Code Review, and CI That Protect Changes",Build and Validate,Core Computer Science,images/study-git-code-review-ci--lab.png,svg/study-git-code-review-ci--lab.svg,54
336,study-distributed-systems-foundations--roadmap,Distributed Systems from First Principles,Learning Roadmap,Core Computer Science,images/study-distributed-systems-foundations--roadmap.png,svg/study-distributed-systems-foundations--roadmap.svg,56
337,study-distributed-systems-foundations--decisions,Distributed Systems from First Principles,Practice Decisions,Core Computer Science,images/study-distributed-systems-foundations--decisions.png,svg/study-distributed-systems-foundations--decisions.svg,51
338,study-distributed-systems-foundations--incident,Distributed Systems from First Principles,Pitfalls and Checks,Core Computer Science,images/study-distributed-systems-foundations--incident.png,svg/study-distributed-systems-foundations--incident.svg,32
339,study-distributed-systems-foundations--metrics,Distributed Systems from First Principles,Readiness Signals,Core Computer Science,images/study-distributed-systems-foundations--metrics.png,svg/study-distributed-systems-foundations--metrics.svg,34
340,study-distributed-systems-foundations--lab,Distributed Systems from First Principles,Build and Validate,Core Computer Science,images/study-distributed-systems-foundations--lab.png,svg/study-distributed-systems-foundations--lab.svg,56
341,study-dsa-eight-week-plan--roadmap,Plan Your DSA Preparation in Eight Weeks,Learning Roadmap,DSA and Problem Solving,images/study-dsa-eight-week-plan--roadmap.png,svg/study-dsa-eight-week-plan--roadmap.svg,48
342,study-dsa-eight-week-plan--decisions,Plan Your DSA Preparation in Eight Weeks,Practice Decisions,DSA and Problem Solving,images/study-dsa-eight-week-plan--decisions.png,svg/study-dsa-eight-week-plan--decisions.svg,48
343,study-dsa-eight-week-plan--incident,Plan Your DSA Preparation in Eight Weeks,Pitfalls and Checks,DSA and Problem Solving,images/study-dsa-eight-week-plan--incident.png,svg/study-dsa-eight-week-plan--incident.svg,39
344,study-dsa-eight-week-plan--metrics,Plan Your DSA Preparation in Eight Weeks,Readiness Signals,DSA and Problem Solving,images/study-dsa-eight-week-plan--metrics.png,svg/study-dsa-eight-week-plan--metrics.svg,42
345,study-dsa-eight-week-plan--lab,Plan Your DSA Preparation in Eight Weeks,Build and Validate,DSA and Problem Solving,images/study-dsa-eight-week-plan--lab.png,svg/study-dsa-eight-week-plan--lab.svg,62
346,study-arrays-hashing-two-pointers--roadmap,"Arrays, Hashing, and Two-Pointer Reasoning",Learning Roadmap,DSA and Problem Solving,images/study-arrays-hashing-two-pointers--roadmap.png,svg/study-arrays-hashing-two-pointers--roadmap.svg,57
347,study-arrays-hashing-two-pointers--decisions,"Arrays, Hashing, and Two-Pointer Reasoning",Practice Decisions,DSA and Problem Solving,images/study-arrays-hashing-two-pointers--decisions.png,svg/study-arrays-hashing-two-pointers--decisions.svg,53
348,study-arrays-hashing-two-pointers--incident,"Arrays, Hashing, and Two-Pointer Reasoning",Pitfalls and Checks,DSA and Problem Solving,images/study-arrays-hashing-two-pointers--incident.png,svg/study-arrays-hashing-two-pointers--incident.svg,36
349,study-arrays-hashing-two-pointers--metrics,"Arrays, Hashing, and Two-Pointer Reasoning",Readiness Signals,DSA and Problem Solving,images/study-arrays-hashing-two-pointers--metrics.png,svg/study-arrays-hashing-two-pointers--metrics.svg,37
350,study-arrays-hashing-two-pointers--lab,"Arrays, Hashing, and Two-Pointer Reasoning",Build and Validate,DSA and Problem Solving,images/study-arrays-hashing-two-pointers--lab.png,svg/study-arrays-hashing-two-pointers--lab.svg,62
351,study-sliding-windows-prefix-sums--roadmap,Sliding Windows and Prefix Sums,Learning Roadmap,DSA and Problem Solving,images/study-sliding-windows-prefix-sums--roadmap.png,svg/study-sliding-windows-prefix-sums--roadmap.svg,48
352,study-sliding-windows-prefix-sums--decisions,Sliding Windows and Prefix Sums,Practice Decisions,DSA and Problem Solving,images/study-sliding-windows-prefix-sums--decisions.png,svg/study-sliding-windows-prefix-sums--decisions.svg,49
353,study-sliding-windows-prefix-sums--incident,Sliding Windows and Prefix Sums,Pitfalls and Checks,DSA and Problem Solving,images/study-sliding-windows-prefix-sums--incident.png,svg/study-sliding-windows-prefix-sums--incident.svg,33
354,study-sliding-windows-prefix-sums--metrics,Sliding Windows and Prefix Sums,Readiness Signals,DSA and Problem Solving,images/study-sliding-windows-prefix-sums--metrics.png,svg/study-sliding-windows-prefix-sums--metrics.svg,33
355,study-sliding-windows-prefix-sums--lab,Sliding Windows and Prefix Sums,Build and Validate,DSA and Problem Solving,images/study-sliding-windows-prefix-sums--lab.png,svg/study-sliding-windows-prefix-sums--lab.svg,54
356,study-trees-graphs-traversal--roadmap,Trees and Graphs: Traverse with a Purpose,Learning Roadmap,DSA and Problem Solving,images/study-trees-graphs-traversal--roadmap.png,svg/study-trees-graphs-traversal--roadmap.svg,56
357,study-trees-graphs-traversal--decisions,Trees and Graphs: Traverse with a Purpose,Practice Decisions,DSA and Problem Solving,images/study-trees-graphs-traversal--decisions.png,svg/study-trees-graphs-traversal--decisions.svg,48
358,study-trees-graphs-traversal--incident,Trees and Graphs: Traverse with a Purpose,Pitfalls and Checks,DSA and Problem Solving,images/study-trees-graphs-traversal--incident.png,svg/study-trees-graphs-traversal--incident.svg,35
359,study-trees-graphs-traversal--metrics,Trees and Graphs: Traverse with a Purpose,Readiness Signals,DSA and Problem Solving,images/study-trees-graphs-traversal--metrics.png,svg/study-trees-graphs-traversal--metrics.svg,37
360,study-trees-graphs-traversal--lab,Trees and Graphs: Traverse with a Purpose,Build and Validate,DSA and Problem Solving,images/study-trees-graphs-traversal--lab.png,svg/study-trees-graphs-traversal--lab.svg,57
361,study-dynamic-programming-roadmap--roadmap,Dynamic Programming Without Guessing,Learning Roadmap,DSA and Problem Solving,images/study-dynamic-programming-roadmap--roadmap.png,svg/study-dynamic-programming-roadmap--roadmap.svg,55
362,study-dynamic-programming-roadmap--decisions,Dynamic Programming Without Guessing,Practice Decisions,DSA and Problem Solving,images/study-dynamic-programming-roadmap--decisions.png,svg/study-dynamic-programming-roadmap--decisions.svg,45
363,study-dynamic-programming-roadmap--incident,Dynamic Programming Without Guessing,Pitfalls and Checks,DSA and Problem Solving,images/study-dynamic-programming-roadmap--incident.png,svg/study-dynamic-programming-roadmap--incident.svg,36
364,study-dynamic-programming-roadmap--metrics,Dynamic Programming Without Guessing,Readiness Signals,DSA and Problem Solving,images/study-dynamic-programming-roadmap--metrics.png,svg/study-dynamic-programming-roadmap--metrics.svg,37
365,study-dynamic-programming-roadmap--lab,Dynamic Programming Without Guessing,Build and Validate,DSA and Problem Solving,images/study-dynamic-programming-roadmap--lab.png,svg/study-dynamic-programming-roadmap--lab.svg,56
366,study-heaps-intervals-greedy--roadmap,"Heaps, Intervals, and Greedy Proofs",Learning Roadmap,DSA and Problem Solving,images/study-heaps-intervals-greedy--roadmap.png,svg/study-heaps-intervals-greedy--roadmap.svg,52
367,study-heaps-intervals-greedy--decisions,"Heaps, Intervals, and Greedy Proofs",Practice Decisions,DSA and Problem Solving,images/study-heaps-intervals-greedy--decisions.png,svg/study-heaps-intervals-greedy--decisions.svg,51
368,study-heaps-intervals-greedy--incident,"Heaps, Intervals, and Greedy Proofs",Pitfalls and Checks,DSA and Problem Solving,images/study-heaps-intervals-greedy--incident.png,svg/study-heaps-intervals-greedy--incident.svg,33
369,study-heaps-intervals-greedy--metrics,"Heaps, Intervals, and Greedy Proofs",Readiness Signals,DSA and Problem Solving,images/study-heaps-intervals-greedy--metrics.png,svg/study-heaps-intervals-greedy--metrics.svg,36
370,study-heaps-intervals-greedy--lab,"Heaps, Intervals, and Greedy Proofs",Build and Validate,DSA and Problem Solving,images/study-heaps-intervals-greedy--lab.png,svg/study-heaps-intervals-greedy--lab.svg,52
371,study-binary-search-sorting--roadmap,"Binary Search, Sorting, and Boundary Proofs",Learning Roadmap,DSA and Problem Solving,images/study-binary-search-sorting--roadmap.png,svg/study-binary-search-sorting--roadmap.svg,57
372,study-binary-search-sorting--decisions,"Binary Search, Sorting, and Boundary Proofs",Practice Decisions,DSA and Problem Solving,images/study-binary-search-sorting--decisions.png,svg/study-binary-search-sorting--decisions.svg,44
373,study-binary-search-sorting--incident,"Binary Search, Sorting, and Boundary Proofs",Pitfalls and Checks,DSA and Problem Solving,images/study-binary-search-sorting--incident.png,svg/study-binary-search-sorting--incident.svg,35
374,study-binary-search-sorting--metrics,"Binary Search, Sorting, and Boundary Proofs",Readiness Signals,DSA and Problem Solving,images/study-binary-search-sorting--metrics.png,svg/study-binary-search-sorting--metrics.svg,38
375,study-binary-search-sorting--lab,"Binary Search, Sorting, and Boundary Proofs",Build and Validate,DSA and Problem Solving,images/study-binary-search-sorting--lab.png,svg/study-binary-search-sorting--lab.svg,52
376,study-coding-correctness-testing--roadmap,"Explain Correctness, Complexity, and Tests",Learning Roadmap,DSA and Problem Solving,images/study-coding-correctness-testing--roadmap.png,svg/study-coding-correctness-testing--roadmap.svg,51
377,study-coding-correctness-testing--decisions,"Explain Correctness, Complexity, and Tests",Practice Decisions,DSA and Problem Solving,images/study-coding-correctness-testing--decisions.png,svg/study-coding-correctness-testing--decisions.svg,47
378,study-coding-correctness-testing--incident,"Explain Correctness, Complexity, and Tests",Pitfalls and Checks,DSA and Problem Solving,images/study-coding-correctness-testing--incident.png,svg/study-coding-correctness-testing--incident.svg,32
379,study-coding-correctness-testing--metrics,"Explain Correctness, Complexity, and Tests",Readiness Signals,DSA and Problem Solving,images/study-coding-correctness-testing--metrics.png,svg/study-coding-correctness-testing--metrics.svg,33
380,study-coding-correctness-testing--lab,"Explain Correctness, Complexity, and Tests",Build and Validate,DSA and Problem Solving,images/study-coding-correctness-testing--lab.png,svg/study-coding-correctness-testing--lab.svg,55
381,study-system-design-six-week-plan--roadmap,Plan Your System Design Preparation,Learning Roadmap,System Design,images/study-system-design-six-week-plan--roadmap.png,svg/study-system-design-six-week-plan--roadmap.svg,55
382,study-system-design-six-week-plan--decisions,Plan Your System Design Preparation,Practice Decisions,System Design,images/study-system-design-six-week-plan--decisions.png,svg/study-system-design-six-week-plan--decisions.svg,53
383,study-system-design-six-week-plan--incident,Plan Your System Design Preparation,Pitfalls and Checks,System Design,images/study-system-design-six-week-plan--incident.png,svg/study-system-design-six-week-plan--incident.svg,34
384,study-system-design-six-week-plan--metrics,Plan Your System Design Preparation,Readiness Signals,System Design,images/study-system-design-six-week-plan--metrics.png,svg/study-system-design-six-week-plan--metrics.svg,36
385,study-system-design-six-week-plan--lab,Plan Your System Design Preparation,Build and Validate,System Design,images/study-system-design-six-week-plan--lab.png,svg/study-system-design-six-week-plan--lab.svg,50
386,study-capacity-estimation-data-modeling--roadmap,Capacity Estimates and Data Models That Matter,Learning Roadmap,System Design,images/study-capacity-estimation-data-modeling--roadmap.png,svg/study-capacity-estimation-data-modeling--roadmap.svg,51
387,study-capacity-estimation-data-modeling--decisions,Capacity Estimates and Data Models That Matter,Practice Decisions,System Design,images/study-capacity-estimation-data-modeling--decisions.png,svg/study-capacity-estimation-data-modeling--decisions.svg,47
388,study-capacity-estimation-data-modeling--incident,Capacity Estimates and Data Models That Matter,Pitfalls and Checks,System Design,images/study-capacity-estimation-data-modeling--incident.png,svg/study-capacity-estimation-data-modeling--incident.svg,34
389,study-capacity-estimation-data-modeling--metrics,Capacity Estimates and Data Models That Matter,Readiness Signals,System Design,images/study-capacity-estimation-data-modeling--metrics.png,svg/study-capacity-estimation-data-modeling--metrics.svg,36
390,study-capacity-estimation-data-modeling--lab,Capacity Estimates and Data Models That Matter,Build and Validate,System Design,images/study-capacity-estimation-data-modeling--lab.png,svg/study-capacity-estimation-data-modeling--lab.svg,61
391,study-caching-database-scaling--roadmap,Caching and Database Scaling Without Stale Promises,Learning Roadmap,System Design,images/study-caching-database-scaling--roadmap.png,svg/study-caching-database-scaling--roadmap.svg,61
392,study-caching-database-scaling--decisions,Caching and Database Scaling Without Stale Promises,Practice Decisions,System Design,images/study-caching-database-scaling--decisions.png,svg/study-caching-database-scaling--decisions.svg,52
393,study-caching-database-scaling--incident,Caching and Database Scaling Without Stale Promises,Pitfalls and Checks,System Design,images/study-caching-database-scaling--incident.png,svg/study-caching-database-scaling--incident.svg,38
394,study-caching-database-scaling--metrics,Caching and Database Scaling Without Stale Promises,Readiness Signals,System Design,images/study-caching-database-scaling--metrics.png,svg/study-caching-database-scaling--metrics.svg,37
395,study-caching-database-scaling--lab,Caching and Database Scaling Without Stale Promises,Build and Validate,System Design,images/study-caching-database-scaling--lab.png,svg/study-caching-database-scaling--lab.svg,57
396,study-queues-event-streaming--roadmap,"Queues, Event Streams, and Reliable Processing",Learning Roadmap,System Design,images/study-queues-event-streaming--roadmap.png,svg/study-queues-event-streaming--roadmap.svg,51
397,study-queues-event-streaming--decisions,"Queues, Event Streams, and Reliable Processing",Practice Decisions,System Design,images/study-queues-event-streaming--decisions.png,svg/study-queues-event-streaming--decisions.svg,46
398,study-queues-event-streaming--incident,"Queues, Event Streams, and Reliable Processing",Pitfalls and Checks,System Design,images/study-queues-event-streaming--incident.png,svg/study-queues-event-streaming--incident.svg,34
399,study-queues-event-streaming--metrics,"Queues, Event Streams, and Reliable Processing",Readiness Signals,System Design,images/study-queues-event-streaming--metrics.png,svg/study-queues-event-streaming--metrics.svg,34
400,study-queues-event-streaming--lab,"Queues, Event Streams, and Reliable Processing",Build and Validate,System Design,images/study-queues-event-streaming--lab.png,svg/study-queues-event-streaming--lab.svg,45
401,study-rate-limiter-design--roadmap,Design a Rate Limiter You Can Defend,Learning Roadmap,System Design,images/study-rate-limiter-design--roadmap.png,svg/study-rate-limiter-design--roadmap.svg,51
402,study-rate-limiter-design--decisions,Design a Rate Limiter You Can Defend,Practice Decisions,System Design,images/study-rate-limiter-design--decisions.png,svg/study-rate-limiter-design--decisions.svg,49
403,study-rate-limiter-design--incident,Design a Rate Limiter You Can Defend,Pitfalls and Checks,System Design,images/study-rate-limiter-design--incident.png,svg/study-rate-limiter-design--incident.svg,36
404,study-rate-limiter-design--metrics,Design a Rate Limiter You Can Defend,Readiness Signals,System Design,images/study-rate-limiter-design--metrics.png,svg/study-rate-limiter-design--metrics.svg,38
405,study-rate-limiter-design--lab,Design a Rate Limiter You Can Defend,Build and Validate,System Design,images/study-rate-limiter-design--lab.png,svg/study-rate-limiter-design--lab.svg,48
406,study-chat-notification-systems--roadmap,Design Chat and Notification Delivery,Learning Roadmap,System Design,images/study-chat-notification-systems--roadmap.png,svg/study-chat-notification-systems--roadmap.svg,55
407,study-chat-notification-systems--decisions,Design Chat and Notification Delivery,Practice Decisions,System Design,images/study-chat-notification-systems--decisions.png,svg/study-chat-notification-systems--decisions.svg,50
408,study-chat-notification-systems--incident,Design Chat and Notification Delivery,Pitfalls and Checks,System Design,images/study-chat-notification-systems--incident.png,svg/study-chat-notification-systems--incident.svg,34
409,study-chat-notification-systems--metrics,Design Chat and Notification Delivery,Readiness Signals,System Design,images/study-chat-notification-systems--metrics.png,svg/study-chat-notification-systems--metrics.svg,37
410,study-chat-notification-systems--lab,Design Chat and Notification Delivery,Build and Validate,System Design,images/study-chat-notification-systems--lab.png,svg/study-chat-notification-systems--lab.svg,50
411,study-storage-file-sync-design--roadmap,"File Storage, Sync, and Snapshot Design",Learning Roadmap,System Design,images/study-storage-file-sync-design--roadmap.png,svg/study-storage-file-sync-design--roadmap.svg,53
412,study-storage-file-sync-design--decisions,"File Storage, Sync, and Snapshot Design",Practice Decisions,System Design,images/study-storage-file-sync-design--decisions.png,svg/study-storage-file-sync-design--decisions.svg,52
413,study-storage-file-sync-design--incident,"File Storage, Sync, and Snapshot Design",Pitfalls and Checks,System Design,images/study-storage-file-sync-design--incident.png,svg/study-storage-file-sync-design--incident.svg,36
414,study-storage-file-sync-design--metrics,"File Storage, Sync, and Snapshot Design",Readiness Signals,System Design,images/study-storage-file-sync-design--metrics.png,svg/study-storage-file-sync-design--metrics.svg,35
415,study-storage-file-sync-design--lab,"File Storage, Sync, and Snapshot Design",Build and Validate,System Design,images/study-storage-file-sync-design--lab.png,svg/study-storage-file-sync-design--lab.svg,59
416,study-api-authentication-security--roadmap,"API Design, Authentication, and Authorization",Learning Roadmap,System Design,images/study-api-authentication-security--roadmap.png,svg/study-api-authentication-security--roadmap.svg,55
417,study-api-authentication-security--decisions,"API Design, Authentication, and Authorization",Practice Decisions,System Design,images/study-api-authentication-security--decisions.png,svg/study-api-authentication-security--decisions.svg,43
418,study-api-authentication-security--incident,"API Design, Authentication, and Authorization",Pitfalls and Checks,System Design,images/study-api-authentication-security--incident.png,svg/study-api-authentication-security--incident.svg,35
419,study-api-authentication-security--metrics,"API Design, Authentication, and Authorization",Readiness Signals,System Design,images/study-api-authentication-security--metrics.png,svg/study-api-authentication-security--metrics.svg,35
420,study-api-authentication-security--lab,"API Design, Authentication, and Authorization",Build and Validate,System Design,images/study-api-authentication-security--lab.png,svg/study-api-authentication-security--lab.svg,53
421,study-cloud-docker-kubernetes--roadmap,"Cloud, Docker, and Kubernetes Fundamentals",Learning Roadmap,System Design,images/study-cloud-docker-kubernetes--roadmap.png,svg/study-cloud-docker-kubernetes--roadmap.svg,47
422,study-cloud-docker-kubernetes--decisions,"Cloud, Docker, and Kubernetes Fundamentals",Practice Decisions,System Design,images/study-cloud-docker-kubernetes--decisions.png,svg/study-cloud-docker-kubernetes--decisions.svg,42
423,study-cloud-docker-kubernetes--incident,"Cloud, Docker, and Kubernetes Fundamentals",Pitfalls and Checks,System Design,images/study-cloud-docker-kubernetes--incident.png,svg/study-cloud-docker-kubernetes--incident.svg,37
424,study-cloud-docker-kubernetes--metrics,"Cloud, Docker, and Kubernetes Fundamentals",Readiness Signals,System Design,images/study-cloud-docker-kubernetes--metrics.png,svg/study-cloud-docker-kubernetes--metrics.svg,37
425,study-cloud-docker-kubernetes--lab,"Cloud, Docker, and Kubernetes Fundamentals",Build and Validate,System Design,images/study-cloud-docker-kubernetes--lab.png,svg/study-cloud-docker-kubernetes--lab.svg,50
426,study-observability-reliability-incidents--roadmap,"Observability, Reliability, and Incident Response",Learning Roadmap,System Design,images/study-observability-reliability-incidents--roadmap.png,svg/study-observability-reliability-incidents--roadmap.svg,61
427,study-observability-reliability-incidents--decisions,"Observability, Reliability, and Incident Response",Practice Decisions,System Design,images/study-observability-reliability-incidents--decisions.png,svg/study-observability-reliability-incidents--decisions.svg,50
428,study-observability-reliability-incidents--incident,"Observability, Reliability, and Incident Response",Pitfalls and Checks,System Design,images/study-observability-reliability-incidents--incident.png,svg/study-observability-reliability-incidents--incident.svg,37
429,study-observability-reliability-incidents--metrics,"Observability, Reliability, and Incident Response",Readiness Signals,System Design,images/study-observability-reliability-incidents--metrics.png,svg/study-observability-reliability-incidents--metrics.svg,38
430,study-observability-reliability-incidents--lab,"Observability, Reliability, and Incident Response",Build and Validate,System Design,images/study-observability-reliability-incidents--lab.png,svg/study-observability-reliability-incidents--lab.svg,49
431,study-ai-tools-for-engineers--roadmap,Choose AI Tools for Real Engineering Work,Learning Roadmap,AI and Machine Learning,images/study-ai-tools-for-engineers--roadmap.png,svg/study-ai-tools-for-engineers--roadmap.svg,53
432,study-ai-tools-for-engineers--decisions,Choose AI Tools for Real Engineering Work,Practice Decisions,AI and Machine Learning,images/study-ai-tools-for-engineers--decisions.png,svg/study-ai-tools-for-engineers--decisions.svg,46
433,study-ai-tools-for-engineers--incident,Choose AI Tools for Real Engineering Work,Pitfalls and Checks,AI and Machine Learning,images/study-ai-tools-for-engineers--incident.png,svg/study-ai-tools-for-engineers--incident.svg,31
434,study-ai-tools-for-engineers--metrics,Choose AI Tools for Real Engineering Work,Readiness Signals,AI and Machine Learning,images/study-ai-tools-for-engineers--metrics.png,svg/study-ai-tools-for-engineers--metrics.svg,34
435,study-ai-tools-for-engineers--lab,Choose AI Tools for Real Engineering Work,Build and Validate,AI and Machine Learning,images/study-ai-tools-for-engineers--lab.png,svg/study-ai-tools-for-engineers--lab.svg,47
436,study-ai-assisted-coding-workflow--roadmap,AI-Assisted Coding with Tests and Review,Learning Roadmap,AI and Machine Learning,images/study-ai-assisted-coding-workflow--roadmap.png,svg/study-ai-assisted-coding-workflow--roadmap.svg,57
437,study-ai-assisted-coding-workflow--decisions,AI-Assisted Coding with Tests and Review,Practice Decisions,AI and Machine Learning,images/study-ai-assisted-coding-workflow--decisions.png,svg/study-ai-assisted-coding-workflow--decisions.svg,52
438,study-ai-assisted-coding-workflow--incident,AI-Assisted Coding with Tests and Review,Pitfalls and Checks,AI and Machine Learning,images/study-ai-assisted-coding-workflow--incident.png,svg/study-ai-assisted-coding-workflow--incident.svg,36
439,study-ai-assisted-coding-workflow--metrics,AI-Assisted Coding with Tests and Review,Readiness Signals,AI and Machine Learning,images/study-ai-assisted-coding-workflow--metrics.png,svg/study-ai-assisted-coding-workflow--metrics.svg,36
440,study-ai-assisted-coding-workflow--lab,AI-Assisted Coding with Tests and Review,Build and Validate,AI and Machine Learning,images/study-ai-assisted-coding-workflow--lab.png,svg/study-ai-assisted-coding-workflow--lab.svg,48
441,study-python-data-ai-foundations--roadmap,Python Foundations for Data and AI Work,Learning Roadmap,AI and Machine Learning,images/study-python-data-ai-foundations--roadmap.png,svg/study-python-data-ai-foundations--roadmap.svg,53
442,study-python-data-ai-foundations--decisions,Python Foundations for Data and AI Work,Practice Decisions,AI and Machine Learning,images/study-python-data-ai-foundations--decisions.png,svg/study-python-data-ai-foundations--decisions.svg,43
443,study-python-data-ai-foundations--incident,Python Foundations for Data and AI Work,Pitfalls and Checks,AI and Machine Learning,images/study-python-data-ai-foundations--incident.png,svg/study-python-data-ai-foundations--incident.svg,34
444,study-python-data-ai-foundations--metrics,Python Foundations for Data and AI Work,Readiness Signals,AI and Machine Learning,images/study-python-data-ai-foundations--metrics.png,svg/study-python-data-ai-foundations--metrics.svg,37
445,study-python-data-ai-foundations--lab,Python Foundations for Data and AI Work,Build and Validate,AI and Machine Learning,images/study-python-data-ai-foundations--lab.png,svg/study-python-data-ai-foundations--lab.svg,49
446,study-machine-learning-six-week-plan--roadmap,AI and ML Foundations in Six Weeks,Learning Roadmap,AI and Machine Learning,images/study-machine-learning-six-week-plan--roadmap.png,svg/study-machine-learning-six-week-plan--roadmap.svg,50
447,study-machine-learning-six-week-plan--decisions,AI and ML Foundations in Six Weeks,Practice Decisions,AI and Machine Learning,images/study-machine-learning-six-week-plan--decisions.png,svg/study-machine-learning-six-week-plan--decisions.svg,47
448,study-machine-learning-six-week-plan--incident,AI and ML Foundations in Six Weeks,Pitfalls and Checks,AI and Machine Learning,images/study-machine-learning-six-week-plan--incident.png,svg/study-machine-learning-six-week-plan--incident.svg,33
449,study-machine-learning-six-week-plan--metrics,AI and ML Foundations in Six Weeks,Readiness Signals,AI and Machine Learning,images/study-machine-learning-six-week-plan--metrics.png,svg/study-machine-learning-six-week-plan--metrics.svg,34
450,study-machine-learning-six-week-plan--lab,AI and ML Foundations in Six Weeks,Build and Validate,AI and Machine Learning,images/study-machine-learning-six-week-plan--lab.png,svg/study-machine-learning-six-week-plan--lab.svg,47
451,study-ml-evaluation-experiments--roadmap,"ML Evaluation, Metrics, and Experiments",Learning Roadmap,AI and Machine Learning,images/study-ml-evaluation-experiments--roadmap.png,svg/study-ml-evaluation-experiments--roadmap.svg,48
452,study-ml-evaluation-experiments--decisions,"ML Evaluation, Metrics, and Experiments",Practice Decisions,AI and Machine Learning,images/study-ml-evaluation-experiments--decisions.png,svg/study-ml-evaluation-experiments--decisions.svg,48
453,study-ml-evaluation-experiments--incident,"ML Evaluation, Metrics, and Experiments",Pitfalls and Checks,AI and Machine Learning,images/study-ml-evaluation-experiments--incident.png,svg/study-ml-evaluation-experiments--incident.svg,35
454,study-ml-evaluation-experiments--metrics,"ML Evaluation, Metrics, and Experiments",Readiness Signals,AI and Machine Learning,images/study-ml-evaluation-experiments--metrics.png,svg/study-ml-evaluation-experiments--metrics.svg,37
455,study-ml-evaluation-experiments--lab,"ML Evaluation, Metrics, and Experiments",Build and Validate,AI and Machine Learning,images/study-ml-evaluation-experiments--lab.png,svg/study-ml-evaluation-experiments--lab.svg,54
456,study-deep-learning-transformers--roadmap,Deep Learning and Transformers: A Practical Map,Learning Roadmap,AI and Machine Learning,images/study-deep-learning-transformers--roadmap.png,svg/study-deep-learning-transformers--roadmap.svg,48
457,study-deep-learning-transformers--decisions,Deep Learning and Transformers: A Practical Map,Practice Decisions,AI and Machine Learning,images/study-deep-learning-transformers--decisions.png,svg/study-deep-learning-transformers--decisions.svg,46
458,study-deep-learning-transformers--incident,Deep Learning and Transformers: A Practical Map,Pitfalls and Checks,AI and Machine Learning,images/study-deep-learning-transformers--incident.png,svg/study-deep-learning-transformers--incident.svg,34
459,study-deep-learning-transformers--metrics,Deep Learning and Transformers: A Practical Map,Readiness Signals,AI and Machine Learning,images/study-deep-learning-transformers--metrics.png,svg/study-deep-learning-transformers--metrics.svg,37
460,study-deep-learning-transformers--lab,Deep Learning and Transformers: A Practical Map,Build and Validate,AI and Machine Learning,images/study-deep-learning-transformers--lab.png,svg/study-deep-learning-transformers--lab.svg,54
461,study-rag-prototype-to-production--roadmap,RAG: From Prototype to a Defensible System,Learning Roadmap,AI and Machine Learning,images/study-rag-prototype-to-production--roadmap.png,svg/study-rag-prototype-to-production--roadmap.svg,42
462,study-rag-prototype-to-production--decisions,RAG: From Prototype to a Defensible System,Practice Decisions,AI and Machine Learning,images/study-rag-prototype-to-production--decisions.png,svg/study-rag-prototype-to-production--decisions.svg,41
463,study-rag-prototype-to-production--incident,RAG: From Prototype to a Defensible System,Pitfalls and Checks,AI and Machine Learning,images/study-rag-prototype-to-production--incident.png,svg/study-rag-prototype-to-production--incident.svg,31
464,study-rag-prototype-to-production--metrics,RAG: From Prototype to a Defensible System,Readiness Signals,AI and Machine Learning,images/study-rag-prototype-to-production--metrics.png,svg/study-rag-prototype-to-production--metrics.svg,34
465,study-rag-prototype-to-production--lab,RAG: From Prototype to a Defensible System,Build and Validate,AI and Machine Learning,images/study-rag-prototype-to-production--lab.png,svg/study-rag-prototype-to-production--lab.svg,51
466,study-vector-search-hybrid-retrieval--roadmap,"Embeddings, Vector Search, and Hybrid Retrieval",Learning Roadmap,AI and Machine Learning,images/study-vector-search-hybrid-retrieval--roadmap.png,svg/study-vector-search-hybrid-retrieval--roadmap.svg,52
467,study-vector-search-hybrid-retrieval--decisions,"Embeddings, Vector Search, and Hybrid Retrieval",Practice Decisions,AI and Machine Learning,images/study-vector-search-hybrid-retrieval--decisions.png,svg/study-vector-search-hybrid-retrieval--decisions.svg,41
468,study-vector-search-hybrid-retrieval--incident,"Embeddings, Vector Search, and Hybrid Retrieval",Pitfalls and Checks,AI and Machine Learning,images/study-vector-search-hybrid-retrieval--incident.png,svg/study-vector-search-hybrid-retrieval--incident.svg,33
469,study-vector-search-hybrid-retrieval--metrics,"Embeddings, Vector Search, and Hybrid Retrieval",Readiness Signals,AI and Machine Learning,images/study-vector-search-hybrid-retrieval--metrics.png,svg/study-vector-search-hybrid-retrieval--metrics.svg,35
470,study-vector-search-hybrid-retrieval--lab,"Embeddings, Vector Search, and Hybrid Retrieval",Build and Validate,AI and Machine Learning,images/study-vector-search-hybrid-retrieval--lab.png,svg/study-vector-search-hybrid-retrieval--lab.svg,44
471,study-llm-agents-tools-safety--roadmap,"LLM Agents, Tools, and Controlled Execution",Learning Roadmap,AI and Machine Learning,images/study-llm-agents-tools-safety--roadmap.png,svg/study-llm-agents-tools-safety--roadmap.svg,63
472,study-llm-agents-tools-safety--decisions,"LLM Agents, Tools, and Controlled Execution",Practice Decisions,AI and Machine Learning,images/study-llm-agents-tools-safety--decisions.png,svg/study-llm-agents-tools-safety--decisions.svg,52
473,study-llm-agents-tools-safety--incident,"LLM Agents, Tools, and Controlled Execution",Pitfalls and Checks,AI and Machine Learning,images/study-llm-agents-tools-safety--incident.png,svg/study-llm-agents-tools-safety--incident.svg,35
474,study-llm-agents-tools-safety--metrics,"LLM Agents, Tools, and Controlled Execution",Readiness Signals,AI and Machine Learning,images/study-llm-agents-tools-safety--metrics.png,svg/study-llm-agents-tools-safety--metrics.svg,37
475,study-llm-agents-tools-safety--lab,"LLM Agents, Tools, and Controlled Execution",Build and Validate,AI and Machine Learning,images/study-llm-agents-tools-safety--lab.png,svg/study-llm-agents-tools-safety--lab.svg,46
476,study-ml-system-design-mlops--roadmap,ML System Design and MLOps Foundations,Learning Roadmap,AI and Machine Learning,images/study-ml-system-design-mlops--roadmap.png,svg/study-ml-system-design-mlops--roadmap.svg,50
477,study-ml-system-design-mlops--decisions,ML System Design and MLOps Foundations,Practice Decisions,AI and Machine Learning,images/study-ml-system-design-mlops--decisions.png,svg/study-ml-system-design-mlops--decisions.svg,41
478,study-ml-system-design-mlops--incident,ML System Design and MLOps Foundations,Pitfalls and Checks,AI and Machine Learning,images/study-ml-system-design-mlops--incident.png,svg/study-ml-system-design-mlops--incident.svg,30
479,study-ml-system-design-mlops--metrics,ML System Design and MLOps Foundations,Readiness Signals,AI and Machine Learning,images/study-ml-system-design-mlops--metrics.png,svg/study-ml-system-design-mlops--metrics.svg,31
480,study-ml-system-design-mlops--lab,ML System Design and MLOps Foundations,Build and Validate,AI and Machine Learning,images/study-ml-system-design-mlops--lab.png,svg/study-ml-system-design-mlops--lab.svg,39
481,study-sql-analytics-interview-practice--roadmap,SQL and Analytics Interview Practice,Learning Roadmap,Practical Engineering,images/study-sql-analytics-interview-practice--roadmap.png,svg/study-sql-analytics-interview-practice--roadmap.svg,53
482,study-sql-analytics-interview-practice--decisions,SQL and Analytics Interview Practice,Practice Decisions,Practical Engineering,images/study-sql-analytics-interview-practice--decisions.png,svg/study-sql-analytics-interview-practice--decisions.svg,51
483,study-sql-analytics-interview-practice--incident,SQL and Analytics Interview Practice,Pitfalls and Checks,Practical Engineering,images/study-sql-analytics-interview-practice--incident.png,svg/study-sql-analytics-interview-practice--incident.svg,36
484,study-sql-analytics-interview-practice--metrics,SQL and Analytics Interview Practice,Readiness Signals,Practical Engineering,images/study-sql-analytics-interview-practice--metrics.png,svg/study-sql-analytics-interview-practice--metrics.svg,41
485,study-sql-analytics-interview-practice--lab,SQL and Analytics Interview Practice,Build and Validate,Practical Engineering,images/study-sql-analytics-interview-practice--lab.png,svg/study-sql-analytics-interview-practice--lab.svg,51
486,study-backend-project-four-week-plan--roadmap,Build an Interview-Ready Backend Project,Learning Roadmap,Practical Engineering,images/study-backend-project-four-week-plan--roadmap.png,svg/study-backend-project-four-week-plan--roadmap.svg,54
487,study-backend-project-four-week-plan--decisions,Build an Interview-Ready Backend Project,Practice Decisions,Practical Engineering,images/study-backend-project-four-week-plan--decisions.png,svg/study-backend-project-four-week-plan--decisions.svg,45
488,study-backend-project-four-week-plan--incident,Build an Interview-Ready Backend Project,Pitfalls and Checks,Practical Engineering,images/study-backend-project-four-week-plan--incident.png,svg/study-backend-project-four-week-plan--incident.svg,32
489,study-backend-project-four-week-plan--metrics,Build an Interview-Ready Backend Project,Readiness Signals,Practical Engineering,images/study-backend-project-four-week-plan--metrics.png,svg/study-backend-project-four-week-plan--metrics.svg,34
490,study-backend-project-four-week-plan--lab,Build an Interview-Ready Backend Project,Build and Validate,Practical Engineering,images/study-backend-project-four-week-plan--lab.png,svg/study-backend-project-four-week-plan--lab.svg,46
491,study-technical-communication-documentation--roadmap,Explain Technical Work Clearly,Learning Roadmap,Practical Engineering,images/study-technical-communication-documentation--roadmap.png,svg/study-technical-communication-documentation--roadmap.svg,59
492,study-technical-communication-documentation--decisions,Explain Technical Work Clearly,Practice Decisions,Practical Engineering,images/study-technical-communication-documentation--decisions.png,svg/study-technical-communication-documentation--decisions.svg,51
493,study-technical-communication-documentation--incident,Explain Technical Work Clearly,Pitfalls and Checks,Practical Engineering,images/study-technical-communication-documentation--incident.png,svg/study-technical-communication-documentation--incident.svg,36
494,study-technical-communication-documentation--metrics,Explain Technical Work Clearly,Readiness Signals,Practical Engineering,images/study-technical-communication-documentation--metrics.png,svg/study-technical-communication-documentation--metrics.svg,37
495,study-technical-communication-documentation--lab,Explain Technical Work Clearly,Build and Validate,Practical Engineering,images/study-technical-communication-documentation--lab.png,svg/study-technical-communication-documentation--lab.svg,45
496,study-sustainable-study-system--roadmap,Build a Sustainable Engineering Study System,Learning Roadmap,Practical Engineering,images/study-sustainable-study-system--roadmap.png,svg/study-sustainable-study-system--roadmap.svg,59
497,study-sustainable-study-system--decisions,Build a Sustainable Engineering Study System,Practice Decisions,Practical Engineering,images/study-sustainable-study-system--decisions.png,svg/study-sustainable-study-system--decisions.svg,53
498,study-sustainable-study-system--incident,Build a Sustainable Engineering Study System,Pitfalls and Checks,Practical Engineering,images/study-sustainable-study-system--incident.png,svg/study-sustainable-study-system--incident.svg,34
499,study-sustainable-study-system--metrics,Build a Sustainable Engineering Study System,Readiness Signals,Practical Engineering,images/study-sustainable-study-system--metrics.png,svg/study-sustainable-study-system--metrics.svg,34
500,study-sustainable-study-system--lab,Build a Sustainable Engineering Study System,Build and Validate,Practical Engineering,images/study-sustainable-study-system--lab.png,svg/study-sustainable-study-system--lab.svg,54
